Name,Date,habitat,country,locality,site,strata,Height (cm),Latitude,Longitude,Depth,Camera,Photographer,Water quality,Strobes,Framing gear used,White balance card,Comments
AMP80013.jpg,2023-04-17,Rocky Shore,ARGENTINA,MAKENKE,PLAYA PIGAFETTA,HIGHTIDE,42,NA,NA,,TG-6,MBON_P2P,,no,25x25cm,,AMP8
AMP80014.jpg,2023-04-17,Rocky Shore,ARGENTINA,MAKENKE,PLAYA PIGAFETTA,HIGHTIDE,42,-49.2025233333333,-67.6620916666667,,TG-6,MBON_P2P,,no,25x25cm,,AMP8
AMP80015.jpg,2023-04-17,Rocky Shore,ARGENTINA,MAKENKE,PLAYA PIGAFETTA,HIGHTIDE,42,-49.2025233333333,-67.6620883333333,,TG-6,MBON_P2P,,no,25x25cm,,AMP8
AMP80016.jpg,2023-04-17,Rocky Shore,ARGENTINA,MAKENKE,PLAYA PIGAFETTA,HIGHTIDE,42,-49.20253,-67.6620616666667,,TG-6,MBON_P2P,,no,25x25cm,,AMP8
AMP80017.jpg,2023-04-17,Rocky Shore,ARGENTINA,MAKENKE,PLAYA PIGAFETTA,HIGHTIDE,42,-49.2024933333333,-67.662035,,TG-6,MBON_P2P,,no,25x25cm,,AMP8
AMP80018.jpg,2023-04-17,Rocky Shore,ARGENTINA,MAKENKE,PLAYA PIGAFETTA,HIGHTIDE,42,-49.2025016666667,-67.6620316666667,,TG-6,MBON_P2P,,no,25x25cm,,AMP8
AMP80019.jpg,2023-04-17,Rocky Shore,ARGENTINA,MAKENKE,PLAYA PIGAFETTA,HIGHTIDE,42,-49.202585,-67.66198,,TG-6,MBON_P2P,,no,25x25cm,,AMP8
AMP80020.jpg,2023-04-17,Rocky Shore,ARGENTINA,MAKENKE,PLAYA PIGAFETTA,HIGHTIDE,42,-49.2026066666667,-67.6619416666667,,TG-6,MBON_P2P,,no,25x25cm,,AMP8
AMP80021.jpg,2023-04-17,Rocky Shore,ARGENTINA,MAKENKE,PLAYA PIGAFETTA,HIGHTIDE,42,-49.2025866666667,-67.661935,,TG-6,MBON_P2P,,no,25x25cm,,AMP8
AMP80022.jpg,2023-04-17,Rocky Shore,ARGENTINA,MAKENKE,PLAYA PIGAFETTA,HIGHTIDE,42,-49.2025866666667,-67.6619333333333,,TG-6,MBON_P2P,,no,25x25cm,,AMP8
AMP80023.jpg,2023-04-17,Rocky Shore,ARGENTINA,MAKENKE,PLAYA PIGAFETTA,HIGHTIDE,42,-49.20258,-67.6619283333333,,TG-6,MBON_P2P,,no,25x25cm,,AMP8
AMP80024.jpg,2023-04-17,Rocky Shore,ARGENTINA,MAKENKE,PLAYA PIGAFETTA,HIGHTIDE,42,-49.2025733333333,-67.6618916666667,,TG-6,MBON_P2P,,no,25x25cm,,AMP8
AMP80025.jpg,2023-04-17,Rocky Shore,ARGENTINA,MAKENKE,PLAYA PIGAFETTA,HIGHTIDE,42,-49.202575,-67.66189,,TG-6,MBON_P2P,,no,25x25cm,,AMP8
AMP80026.jpg,2023-04-17,Rocky Shore,ARGENTINA,MAKENKE,PLAYA PIGAFETTA,HIGHTIDE,42,-49.2025766666667,-67.6618866666667,,TG-6,MBON_P2P,,no,25x25cm,,AMP8
AMP80027.jpg,2023-04-17,Rocky Shore,ARGENTINA,MAKENKE,PLAYA PIGAFETTA,HIGHTIDE,42,-49.2025783333333,-67.6618716666667,,TG-6,MBON_P2P,,no,25x25cm,,AMP8
AMP80028.jpg,2023-04-17,Rocky Shore,ARGENTINA,MAKENKE,PLAYA PIGAFETTA,HIGHTIDE,42,-49.2025783333333,-67.66187,,TG-6,MBON_P2P,,no,25x25cm,,AMP8
AMP80029.jpg,2023-04-17,Rocky Shore,ARGENTINA,MAKENKE,PLAYA PIGAFETTA,HIGHTIDE,42,-49.2025783333333,-67.6618683333333,,TG-6,MBON_P2P,,no,25x25cm,,AMP8
AMP80030.jpg,2023-04-17,Rocky Shore,ARGENTINA,MAKENKE,PLAYA PIGAFETTA,HIGHTIDE,42,-49.2025783333333,-67.6618666666667,,TG-6,MBON_P2P,,no,25x25cm,,AMP8
AMP80031.jpg,2023-04-17,Rocky Shore,ARGENTINA,MAKENKE,PLAYA PIGAFETTA,HIGHTIDE,42,-49.2025783333333,-67.6618616666667,,TG-6,MBON_P2P,,no,25x25cm,,AMP8
AMP80032.jpg,2023-04-17,Rocky Shore,ARGENTINA,MAKENKE,PLAYA PIGAFETTA,HIGHTIDE,42,-49.2025783333333,-67.6618583333333,,TG-6,MBON_P2P,,no,25x25cm,,AMP8
AMP80033.jpg,2023-04-17,Rocky Shore,ARGENTINA,MAKENKE,PLAYA PIGAFETTA,HIGHTIDE,42,-49.2025783333333,-67.6618583333333,,TG-6,MBON_P2P,,no,25x25cm,,AMP8
AMP80034.jpg,2023-04-17,Rocky Shore,ARGENTINA,MAKENKE,PLAYA PIGAFETTA,HIGHTIDE,42,-49.2025783333333,-67.66184,,TG-6,MBON_P2P,,no,25x25cm,,AMP8
AMP80035.jpg,2023-04-17,Rocky Shore,ARGENTINA,MAKENKE,PLAYA PIGAFETTA,HIGHTIDE,42,-49.20258,-67.6618316666667,,TG-6,MBON_P2P,,no,25x25cm,,AMP8
AMP80036.jpg,2023-04-17,Rocky Shore,ARGENTINA,MAKENKE,PLAYA PIGAFETTA,HIGHTIDE,42,-49.20258,-67.6618283333333,,TG-6,MBON_P2P,,no,25x25cm,,AMP8
AMP80037.jpg,2023-04-17,Rocky Shore,ARGENTINA,MAKENKE,PLAYA PIGAFETTA,HIGHTIDE,42,-49.20258,-67.6617883333333,,TG-6,MBON_P2P,,no,25x25cm,,AMP8
AMP80038.jpg,2023-04-17,Rocky Shore,ARGENTINA,MAKENKE,PLAYA PIGAFETTA,HIGHTIDE,42,-49.2025816666667,-67.6617183333333,,TG-6,MBON_P2P,,no,25x25cm,,AMP8
AMP80039.jpg,2023-04-17,Rocky Shore,ARGENTINA,MAKENKE,PLAYA PIGAFETTA,HIGHTIDE,42,-49.2025833333333,-67.66171,,TG-6,MBON_P2P,,no,25x25cm,,AMP8
AMP80040.jpg,2023-04-17,Rocky Shore,ARGENTINA,MAKENKE,PLAYA PIGAFETTA,HIGHTIDE,42,-49.2025833333333,-67.6617083333333,,TG-6,MBON_P2P,,no,25x25cm,,AMP8
AMP80041.jpg,2023-04-17,Rocky Shore,ARGENTINA,MAKENKE,PLAYA PIGAFETTA,HIGHTIDE,42,-49.2025833333333,-67.6617083333333,,TG-6,MBON_P2P,,no,25x25cm,,AMP8
AMP80042.jpg,2023-04-17,Rocky Shore,ARGENTINA,MAKENKE,PLAYA PIGAFETTA,HIGHTIDE,42,-49.20259,-67.6617066666667,,TG-6,MBON_P2P,,no,25x25cm,,AMP8
AMP80043.jpg,2023-04-17,Rocky Shore,ARGENTINA,MAKENKE,PLAYA PIGAFETTA,HIGHTIDE,42,-49.20259,-67.6616883333333,,TG-6,MBON_P2P,,no,25x25cm,,AMP8
AMP80044.jpg,2023-04-17,Rocky Shore,ARGENTINA,MAKENKE,PLAYA PIGAFETTA,HIGHTIDE,42,-49.20259,-67.661655,,TG-6,MBON_P2P,,no,25x25cm,,AMP8
AMP80045.jpg,2023-04-17,Rocky Shore,ARGENTINA,MAKENKE,PLAYA PIGAFETTA,HIGHTIDE,42,-49.2025983333333,-67.6616433333333,,TG-6,MBON_P2P,,no,25x25cm,,AMP8
AMP80046.jpg,2023-04-17,Rocky Shore,ARGENTINA,MAKENKE,PLAYA PIGAFETTA,HIGHTIDE,42,-49.2026,-67.6616433333333,,TG-6,MBON_P2P,,no,25x25cm,,AMP8
AMP80047.jpg,2023-04-17,Rocky Shore,ARGENTINA,MAKENKE,PLAYA PIGAFETTA,HIGHTIDE,42,-49.2026,-67.6616416666667,,TG-6,MBON_P2P,,no,25x25cm,,AMP8
AMP80048.jpg,2023-04-17,Rocky Shore,ARGENTINA,MAKENKE,PLAYA PIGAFETTA,HIGHTIDE,42,-49.2026,-67.6616416666667,,TG-6,MBON_P2P,,no,25x25cm,,AMP8
AMP80049.jpg,2023-04-17,Rocky Shore,ARGENTINA,MAKENKE,PLAYA PIGAFETTA,HIGHTIDE,42,-49.2026016666667,-67.661635,,TG-6,MBON_P2P,,no,25x25cm,,AMP8
AMP80051.jpg,2023-04-17,Rocky Shore,ARGENTINA,MAKENKE,PLAYA PIGAFETTA,HIGHTIDE,42,-49.2026033333333,-67.6616333333333,,TG-6,MBON_P2P,,no,25x25cm,,AMP8
AMP80052.jpg,2023-04-17,Rocky Shore,ARGENTINA,MAKENKE,PLAYA PIGAFETTA,HIGHTIDE,42,-49.202595,-67.6616266666667,,TG-6,MBON_P2P,,no,25x25cm,,AMP8
AMP80053.jpg,2023-04-17,Rocky Shore,ARGENTINA,MAKENKE,PLAYA PIGAFETTA,HIGHTIDE,42,-49.2025883333333,-67.6616383333333,,TG-6,MBON_P2P,,no,25x25cm,,AMP8
AMP80054.jpg,2023-04-17,Rocky Shore,ARGENTINA,MAKENKE,PLAYA PIGAFETTA,HIGHTIDE,42,-49.2025883333333,-67.6616366666667,,TG-6,MBON_P2P,,no,25x25cm,,AMP8
AMP80055.jpg,2023-04-17,Rocky Shore,ARGENTINA,MAKENKE,PLAYA PIGAFETTA,HIGHTIDE,42,-49.2025883333333,-67.661635,,TG-6,MBON_P2P,,no,25x25cm,,AMP8
AMP80056.jpg,2023-04-17,Rocky Shore,ARGENTINA,MAKENKE,PLAYA PIGAFETTA,HIGHTIDE,42,-49.2025883333333,-67.661615,,TG-6,MBON_P2P,,no,25x25cm,,AMP8
AMP80057.jpg,2023-04-17,Rocky Shore,ARGENTINA,MAKENKE,PLAYA PIGAFETTA,HIGHTIDE,42,-49.2025683333333,-67.66148,,TG-6,MBON_P2P,,no,25x25cm,,AMP8
AMP80058.jpg,2023-04-17,Rocky Shore,ARGENTINA,MAKENKE,PLAYA PIGAFETTA,HIGHTIDE,42,-49.2025683333333,-67.66148,,TG-6,MBON_P2P,,no,25x25cm,,AMP8
AMP80059.jpg,2023-04-17,Rocky Shore,ARGENTINA,MAKENKE,PLAYA PIGAFETTA,HIGHTIDE,42,-49.2025866666667,-67.6614533333333,,TG-6,MBON_P2P,,no,25x25cm,,AMP8
AMP80060.jpg,2023-04-17,Rocky Shore,ARGENTINA,MAKENKE,PLAYA PIGAFETTA,HIGHTIDE,42,-49.20261,-67.661395,,TG-6,MBON_P2P,,no,25x25cm,,AMP8
AMP80061.jpg,2023-04-17,Rocky Shore,ARGENTINA,MAKENKE,PLAYA PIGAFETTA,HIGHTIDE,42,-49.2026116666667,-67.6613416666667,,TG-6,MBON_P2P,,no,25x25cm,,AMP8
AMP80062.jpg,2023-04-17,Rocky Shore,ARGENTINA,MAKENKE,PLAYA PIGAFETTA,HIGHTIDE,42,-49.202615,-67.6613233333333,,TG-6,MBON_P2P,,no,25x25cm,,AMP8
AMP80063.jpg,2023-04-17,Rocky Shore,ARGENTINA,MAKENKE,PLAYA PIGAFETTA,HIGHTIDE,42,-49.20263,-67.66128,,TG-6,MBON_P2P,,no,25x25cm,,AMP8
AMP80064.jpg,2023-04-17,Rocky Shore,ARGENTINA,MAKENKE,PLAYA PIGAFETTA,HIGHTIDE,42,-49.2026316666667,-67.6612683333333,,TG-6,MBON_P2P,,no,25x25cm,,AMP8
AMP80065.jpg,2023-04-17,Rocky Shore,ARGENTINA,MAKENKE,PLAYA PIGAFETTA,HIGHTIDE,42,-49.2026683333333,-67.6611716666667,,TG-6,MBON_P2P,,no,25x25cm,,AMP8
AMP80066.jpg,2023-04-17,Rocky Shore,ARGENTINA,MAKENKE,PLAYA PIGAFETTA,HIGHTIDE,42,-49.2026766666667,-67.6611033333333,,TG-6,MBON_P2P,,no,25x25cm,,AMP8
AMP80067.jpg,2023-04-17,Rocky Shore,ARGENTINA,MAKENKE,PLAYA PIGAFETTA,HIGHTIDE,42,-49.2026783333333,-67.6610916666667,,TG-6,MBON_P2P,,no,25x25cm,,AMP8
AMP80073.jpg,2023-04-17,Rocky Shore,ARGENTINA,MAKENKE,PLAYA PIGAFETTA,MIDTIDE,42,-49.2039683333333,-67.658675,,TG-6,MBON_P2P,,no,25x25cm,,AMP8
AMP80074.jpg,2023-04-17,Rocky Shore,ARGENTINA,MAKENKE,PLAYA PIGAFETTA,MIDTIDE,42,-49.20372,-67.6584066666667,,TG-6,MBON_P2P,,no,25x25cm,,AMP8
AMP80075.jpg,2023-04-17,Rocky Shore,ARGENTINA,MAKENKE,PLAYA PIGAFETTA,MIDTIDE,42,-49.2037183333333,-67.6584066666667,,TG-6,MBON_P2P,,no,25x25cm,,AMP8
AMP80076.jpg,2023-04-17,Rocky Shore,ARGENTINA,MAKENKE,PLAYA PIGAFETTA,MIDTIDE,42,-49.2037016666667,-67.6583433333333,,TG-6,MBON_P2P,,no,25x25cm,,AMP8
AMP80077.jpg,2023-04-17,Rocky Shore,ARGENTINA,MAKENKE,PLAYA PIGAFETTA,MIDTIDE,42,-49.20369,-67.65833,,TG-6,MBON_P2P,,no,25x25cm,,AMP8
AMP80078.jpg,2023-04-17,Rocky Shore,ARGENTINA,MAKENKE,PLAYA PIGAFETTA,MIDTIDE,42,-49.2036383333333,-67.6583216666667,,TG-6,MBON_P2P,,no,25x25cm,,AMP8
AMP80079.jpg,2023-04-17,Rocky Shore,ARGENTINA,MAKENKE,PLAYA PIGAFETTA,MIDTIDE,42,-49.203635,-67.6583216666667,,TG-6,MBON_P2P,,no,25x25cm,,AMP8
AMP80080.jpg,2023-04-17,Rocky Shore,ARGENTINA,MAKENKE,PLAYA PIGAFETTA,MIDTIDE,42,-49.2036316666667,-67.6583,,TG-6,MBON_P2P,,no,25x25cm,,AMP8
AMP80081.jpg,2023-04-17,Rocky Shore,ARGENTINA,MAKENKE,PLAYA PIGAFETTA,MIDTIDE,42,-49.20362,-67.65826,,TG-6,MBON_P2P,,no,25x25cm,,AMP8
AMP80082.jpg,2023-04-17,Rocky Shore,ARGENTINA,MAKENKE,PLAYA PIGAFETTA,MIDTIDE,42,-49.2036,-67.65826,,TG-6,MBON_P2P,,no,25x25cm,,AMP8
AMP80083.jpg,2023-04-17,Rocky Shore,ARGENTINA,MAKENKE,PLAYA PIGAFETTA,MIDTIDE,42,-49.203575,-67.6582116666667,,TG-6,MBON_P2P,,no,25x25cm,,AMP8
AMP80084.jpg,2023-04-17,Rocky Shore,ARGENTINA,MAKENKE,PLAYA PIGAFETTA,MIDTIDE,42,-49.2035066666667,-67.6579833333333,,TG-6,MBON_P2P,,no,25x25cm,,AMP8
AMP80085.jpg,2023-04-17,Rocky Shore,ARGENTINA,MAKENKE,PLAYA PIGAFETTA,MIDTIDE,42,-49.2035066666667,-67.6579833333333,,TG-6,MBON_P2P,,no,25x25cm,,AMP8
AMP80086.jpg,2023-04-17,Rocky Shore,ARGENTINA,MAKENKE,PLAYA PIGAFETTA,MIDTIDE,42,-49.20352,-67.6579666666667,,TG-6,MBON_P2P,,no,25x25cm,,AMP8
AMP80087.jpg,2023-04-17,Rocky Shore,ARGENTINA,MAKENKE,PLAYA PIGAFETTA,MIDTIDE,42,-49.20352,-67.6579666666667,,TG-6,MBON_P2P,,no,25x25cm,,AMP8
AMP80088.jpg,2023-04-17,Rocky Shore,ARGENTINA,MAKENKE,PLAYA PIGAFETTA,MIDTIDE,42,-49.2035216666667,-67.65798,,TG-6,MBON_P2P,,no,25x25cm,,AMP8
AMP80089.jpg,2023-04-17,Rocky Shore,ARGENTINA,MAKENKE,PLAYA PIGAFETTA,MIDTIDE,42,-49.2035216666667,-67.65798,,TG-6,MBON_P2P,,no,25x25cm,,AMP8
AMP80090.jpg,2023-04-17,Rocky Shore,ARGENTINA,MAKENKE,PLAYA PIGAFETTA,MIDTIDE,42,-49.2035233333333,-67.6579966666667,,TG-6,MBON_P2P,,no,25x25cm,,AMP8
AMP80091.jpg,2023-04-17,Rocky Shore,ARGENTINA,MAKENKE,PLAYA PIGAFETTA,MIDTIDE,42,-49.2035266666667,-67.6579,,TG-6,MBON_P2P,,no,25x25cm,,AMP8
AMP80092.jpg,2023-04-17,Rocky Shore,ARGENTINA,MAKENKE,PLAYA PIGAFETTA,MIDTIDE,42,-49.203515,-67.657515,,TG-6,MBON_P2P,,no,25x25cm,,AMP8
AMP80093.jpg,2023-04-17,Rocky Shore,ARGENTINA,MAKENKE,PLAYA PIGAFETTA,MIDTIDE,42,-49.2035183333333,-67.6575133333333,,TG-6,MBON_P2P,,no,25x25cm,,AMP8
AMP80094.jpg,2023-04-17,Rocky Shore,ARGENTINA,MAKENKE,PLAYA PIGAFETTA,MIDTIDE,42,-49.2035183333333,-67.6575133333333,,TG-6,MBON_P2P,,no,25x25cm,,AMP8
AMP80095.jpg,2023-04-17,Rocky Shore,ARGENTINA,MAKENKE,PLAYA PIGAFETTA,MIDTIDE,42,-49.2035016666667,-67.6574833333333,,TG-6,MBON_P2P,,no,25x25cm,,AMP8
AMP80096.jpg,2023-04-17,Rocky Shore,ARGENTINA,MAKENKE,PLAYA PIGAFETTA,MIDTIDE,42,-49.2034983333333,-67.6574633333333,,TG-6,MBON_P2P,,no,25x25cm,,AMP8
AMP80097.jpg,2023-04-17,Rocky Shore,ARGENTINA,MAKENKE,PLAYA PIGAFETTA,MIDTIDE,42,-49.2034783333333,-67.6574333333333,,TG-6,MBON_P2P,,no,25x25cm,,AMP8
AMP80098.jpg,2023-04-17,Rocky Shore,ARGENTINA,MAKENKE,PLAYA PIGAFETTA,MIDTIDE,42,-49.2034516666667,-67.6574083333333,,TG-6,MBON_P2P,,no,25x25cm,,AMP8
AMP80099.jpg,2023-04-17,Rocky Shore,ARGENTINA,MAKENKE,PLAYA PIGAFETTA,MIDTIDE,42,-49.2034466666667,-67.6573983333333,,TG-6,MBON_P2P,,no,25x25cm,,AMP8
AMP80100.jpg,2023-04-17,Rocky Shore,ARGENTINA,MAKENKE,PLAYA PIGAFETTA,MIDTIDE,42,-49.2034483333333,-67.6573833333333,,TG-6,MBON_P2P,,no,25x25cm,,AMP8
AMP80101.jpg,2023-04-17,Rocky Shore,ARGENTINA,MAKENKE,PLAYA PIGAFETTA,MIDTIDE,42,-49.2034466666667,-67.65739,,TG-6,MBON_P2P,,no,25x25cm,,AMP8
AMP80102.jpg,2023-04-17,Rocky Shore,ARGENTINA,MAKENKE,PLAYA PIGAFETTA,MIDTIDE,42,-49.2034466666667,-67.6573883333333,,TG-6,MBON_P2P,,no,25x25cm,,AMP8
AMP80103.jpg,2023-04-17,Rocky Shore,ARGENTINA,MAKENKE,PLAYA PIGAFETTA,MIDTIDE,42,-49.2034466666667,-67.6573883333333,,TG-6,MBON_P2P,,no,25x25cm,,AMP8
AMP80104.jpg,2023-04-17,Rocky Shore,ARGENTINA,MAKENKE,PLAYA PIGAFETTA,MIDTIDE,42,-49.2034466666667,-67.6573883333333,,TG-6,MBON_P2P,,no,25x25cm,,AMP8
AMP80105.jpg,2023-04-17,Rocky Shore,ARGENTINA,MAKENKE,PLAYA PIGAFETTA,MIDTIDE,42,-49.203445,-67.6573883333333,,TG-6,MBON_P2P,,no,25x25cm,,AMP8
AMP80106.jpg,2023-04-17,Rocky Shore,ARGENTINA,MAKENKE,PLAYA PIGAFETTA,MIDTIDE,42,-49.2033383333333,-67.6571133333333,,TG-6,MBON_P2P,,no,25x25cm,,AMP8
AMP80107.jpg,2023-04-17,Rocky Shore,ARGENTINA,MAKENKE,PLAYA PIGAFETTA,MIDTIDE,42,-49.20331,-67.65709,,TG-6,MBON_P2P,,no,25x25cm,,AMP8
AMP80108.jpg,2023-04-17,Rocky Shore,ARGENTINA,MAKENKE,PLAYA PIGAFETTA,MIDTIDE,42,-49.2033083333333,-67.657085,,TG-6,MBON_P2P,,no,25x25cm,,AMP8
AMP80109.jpg,2023-04-17,Rocky Shore,ARGENTINA,MAKENKE,PLAYA PIGAFETTA,MIDTIDE,42,-49.2033083333333,-67.657085,,TG-6,MBON_P2P,,no,25x25cm,,AMP8
AMP80110.jpg,2023-04-17,Rocky Shore,ARGENTINA,MAKENKE,PLAYA PIGAFETTA,MIDTIDE,42,-49.2032883333333,-67.6570766666667,,TG-6,MBON_P2P,,no,25x25cm,,AMP8
AMP80111.jpg,2023-04-17,Rocky Shore,ARGENTINA,MAKENKE,PLAYA PIGAFETTA,MIDTIDE,42,-49.203285,-67.657055,,TG-6,MBON_P2P,,no,25x25cm,,AMP8
AMP80112.jpg,2023-04-17,Rocky Shore,ARGENTINA,MAKENKE,PLAYA PIGAFETTA,MIDTIDE,42,-49.203305,-67.6570066666667,,TG-6,MBON_P2P,,no,25x25cm,,AMP8
AMP80113.jpg,2023-04-17,Rocky Shore,ARGENTINA,MAKENKE,PLAYA PIGAFETTA,MIDTIDE,42,-49.2033,-67.6569916666667,,TG-6,MBON_P2P,,no,25x25cm,,AMP8
AMP80114.jpg,2023-04-17,Rocky Shore,ARGENTINA,MAKENKE,PLAYA PIGAFETTA,MIDTIDE,42,-49.2033016666667,-67.65698,,TG-6,MBON_P2P,,no,25x25cm,,AMP8
AMP80115.jpg,2023-04-17,Rocky Shore,ARGENTINA,MAKENKE,PLAYA PIGAFETTA,MIDTIDE,42,-49.2033,-67.6569533333333,,TG-6,MBON_P2P,,no,25x25cm,,AMP8
AMP80116.jpg,2023-04-17,Rocky Shore,ARGENTINA,MAKENKE,PLAYA PIGAFETTA,MIDTIDE,42,-49.2032616666667,-67.65694,,TG-6,MBON_P2P,,no,25x25cm,,AMP8
AMP80117.jpg,2023-04-17,Rocky Shore,ARGENTINA,MAKENKE,PLAYA PIGAFETTA,MIDTIDE,42,-49.2032333333333,-67.6568533333333,,TG-6,MBON_P2P,,no,25x25cm,,AMP8
AMP80118.jpg,2023-04-17,Rocky Shore,ARGENTINA,MAKENKE,PLAYA PIGAFETTA,MIDTIDE,42,-49.20321,-67.6568233333333,,TG-6,MBON_P2P,,no,25x25cm,,AMP8
AMP80119.jpg,2023-04-17,Rocky Shore,ARGENTINA,MAKENKE,PLAYA PIGAFETTA,MIDTIDE,42,-49.2031983333333,-67.6568283333333,,TG-6,MBON_P2P,,no,25x25cm,,AMP8
AMP80120.jpg,2023-04-17,Rocky Shore,ARGENTINA,MAKENKE,PLAYA PIGAFETTA,MIDTIDE,42,-49.203135,-67.6568916666667,,TG-6,MBON_P2P,,no,25x25cm,,AMP8
AMP80122.jpg,2023-04-17,Rocky Shore,ARGENTINA,MAKENKE,PLAYA PIGAFETTA,LOWTIDE,42,-49.20324,-67.65601,,TG-6,MBON_P2P,,no,25x25cm,,AMP8
AMP80123.jpg,2023-04-17,Rocky Shore,ARGENTINA,MAKENKE,PLAYA PIGAFETTA,LOWTIDE,42,-49.2032266666667,-67.655985,,TG-6,MBON_P2P,,no,25x25cm,,AMP8
AMP80124.jpg,2023-04-17,Rocky Shore,ARGENTINA,MAKENKE,PLAYA PIGAFETTA,LOWTIDE,42,-49.2032216666667,-67.6559516666667,,TG-6,MBON_P2P,,no,25x25cm,,AMP8
AMP80125.jpg,2023-04-17,Rocky Shore,ARGENTINA,MAKENKE,PLAYA PIGAFETTA,LOWTIDE,42,-49.2032433333333,-67.6558,,TG-6,MBON_P2P,,no,25x25cm,,AMP8
AMP80126.jpg,2023-04-17,Rocky Shore,ARGENTINA,MAKENKE,PLAYA PIGAFETTA,LOWTIDE,42,-49.20324,-67.6558016666667,,TG-6,MBON_P2P,,no,25x25cm,,AMP8
AMP80127.jpg,2023-04-17,Rocky Shore,ARGENTINA,MAKENKE,PLAYA PIGAFETTA,LOWTIDE,42,-49.20324,-67.6558016666667,,TG-6,MBON_P2P,,no,25x25cm,,AMP8
AMP80128.jpg,2023-04-17,Rocky Shore,ARGENTINA,MAKENKE,PLAYA PIGAFETTA,LOWTIDE,42,-49.2032316666667,-67.6557866666667,,TG-6,MBON_P2P,,no,25x25cm,,AMP8
AMP80129.jpg,2023-04-17,Rocky Shore,ARGENTINA,MAKENKE,PLAYA PIGAFETTA,LOWTIDE,42,-49.2032316666667,-67.6557783333333,,TG-6,MBON_P2P,,no,25x25cm,,AMP8
AMP80130.jpg,2023-04-17,Rocky Shore,ARGENTINA,MAKENKE,PLAYA PIGAFETTA,LOWTIDE,42,-49.2032216666667,-67.6557583333333,,TG-6,MBON_P2P,,no,25x25cm,,AMP8
AMP80131.jpg,2023-04-17,Rocky Shore,ARGENTINA,MAKENKE,PLAYA PIGAFETTA,LOWTIDE,42,-49.2032216666667,-67.6557583333333,,TG-6,MBON_P2P,,no,25x25cm,,AMP8
AMP80132.jpg,2023-04-17,Rocky Shore,ARGENTINA,MAKENKE,PLAYA PIGAFETTA,LOWTIDE,42,-49.2032233333333,-67.65574,,TG-6,MBON_P2P,,no,25x25cm,,AMP8
AMP80133.jpg,2023-04-17,Rocky Shore,ARGENTINA,MAKENKE,PLAYA PIGAFETTA,LOWTIDE,42,-49.2032066666667,-67.65569,,TG-6,MBON_P2P,,no,25x25cm,,AMP8
AMP80134.jpg,2023-04-17,Rocky Shore,ARGENTINA,MAKENKE,PLAYA PIGAFETTA,LOWTIDE,42,-49.2031933333333,-67.6556783333333,,TG-6,MBON_P2P,,no,25x25cm,,AMP8
AMP80135.jpg,2023-04-17,Rocky Shore,ARGENTINA,MAKENKE,PLAYA PIGAFETTA,LOWTIDE,42,-49.2031916666667,-67.655675,,TG-6,MBON_P2P,,no,25x25cm,,AMP8
AMP80136.jpg,2023-04-17,Rocky Shore,ARGENTINA,MAKENKE,PLAYA PIGAFETTA,LOWTIDE,42,-49.2031883333333,-67.655645,,TG-6,MBON_P2P,,no,25x25cm,,AMP8
AMP80137.jpg,2023-04-17,Rocky Shore,ARGENTINA,MAKENKE,PLAYA PIGAFETTA,LOWTIDE,42,-49.203185,-67.6556166666667,,TG-6,MBON_P2P,,no,25x25cm,,AMP8
AMP80138.jpg,2023-04-17,Rocky Shore,ARGENTINA,MAKENKE,PLAYA PIGAFETTA,LOWTIDE,42,-49.2031633333333,-67.6555883333333,,TG-6,MBON_P2P,,no,25x25cm,,AMP8
AMP80139.jpg,2023-04-17,Rocky Shore,ARGENTINA,MAKENKE,PLAYA PIGAFETTA,LOWTIDE,42,-49.203155,-67.6555616666667,,TG-6,MBON_P2P,,no,25x25cm,,AMP8
AMP80140.jpg,2023-04-17,Rocky Shore,ARGENTINA,MAKENKE,PLAYA PIGAFETTA,LOWTIDE,42,-49.2031516666667,-67.6555083333333,,TG-6,MBON_P2P,,no,25x25cm,,AMP8
AMP80141.jpg,2023-04-17,Rocky Shore,ARGENTINA,MAKENKE,PLAYA PIGAFETTA,LOWTIDE,42,-49.2031566666667,-67.6551933333333,,TG-6,MBON_P2P,,no,25x25cm,,AMP8
AMP80142.jpg,2023-04-17,Rocky Shore,ARGENTINA,MAKENKE,PLAYA PIGAFETTA,LOWTIDE,42,-49.20316,-67.6551783333333,,TG-6,MBON_P2P,,no,25x25cm,,AMP8
AMP80143.jpg,2023-04-17,Rocky Shore,ARGENTINA,MAKENKE,PLAYA PIGAFETTA,LOWTIDE,42,-49.20316,-67.6551733333333,,TG-6,MBON_P2P,,no,25x25cm,,AMP8
AMP80144.jpg,2023-04-17,Rocky Shore,ARGENTINA,MAKENKE,PLAYA PIGAFETTA,LOWTIDE,42,-49.203165,-67.6551516666667,,TG-6,MBON_P2P,,no,25x25cm,,AMP8
AMP80145.jpg,2023-04-17,Rocky Shore,ARGENTINA,MAKENKE,PLAYA PIGAFETTA,LOWTIDE,42,-49.2031733333333,-67.6551433333333,,TG-6,MBON_P2P,,no,25x25cm,,AMP8
AMP80146.jpg,2023-04-17,Rocky Shore,ARGENTINA,MAKENKE,PLAYA PIGAFETTA,LOWTIDE,42,-49.2031733333333,-67.6551433333333,,TG-6,MBON_P2P,,no,25x25cm,,AMP8
AMP80147.jpg,2023-04-17,Rocky Shore,ARGENTINA,MAKENKE,PLAYA PIGAFETTA,LOWTIDE,42,-49.203175,-67.6551433333333,,TG-6,MBON_P2P,,no,25x25cm,,AMP8
AMP80148.jpg,2023-04-17,Rocky Shore,ARGENTINA,MAKENKE,PLAYA PIGAFETTA,LOWTIDE,42,-49.203175,-67.6551433333333,,TG-6,MBON_P2P,,no,25x25cm,,AMP8
AMP80149.jpg,2023-04-17,Rocky Shore,ARGENTINA,MAKENKE,PLAYA PIGAFETTA,LOWTIDE,42,-49.2031916666667,-67.6551583333333,,TG-6,MBON_P2P,,no,25x25cm,,AMP8
AMP80150.jpg,2023-04-17,Rocky Shore,ARGENTINA,MAKENKE,PLAYA PIGAFETTA,LOWTIDE,42,-49.20329,-67.6552066666667,,TG-6,MBON_P2P,,no,25x25cm,,AMP8
AMP80151.jpg,2023-04-17,Rocky Shore,ARGENTINA,MAKENKE,PLAYA PIGAFETTA,LOWTIDE,42,-49.2032966666667,-67.6552083333333,,TG-6,MBON_P2P,,no,25x25cm,,AMP8
AMP80152.jpg,2023-04-17,Rocky Shore,ARGENTINA,MAKENKE,PLAYA PIGAFETTA,LOWTIDE,42,-49.2032966666667,-67.65521,,TG-6,MBON_P2P,,no,25x25cm,,AMP8
AMP80153.jpg,2023-04-17,Rocky Shore,ARGENTINA,MAKENKE,PLAYA PIGAFETTA,LOWTIDE,42,-49.2032983333333,-67.65521,,TG-6,MBON_P2P,,no,25x25cm,,AMP8
AMP80154.jpg,2023-04-17,Rocky Shore,ARGENTINA,MAKENKE,PLAYA PIGAFETTA,LOWTIDE,42,-49.203305,-67.6552383333333,,TG-6,MBON_P2P,,no,25x25cm,,AMP8
AMP80155.jpg,2023-04-17,Rocky Shore,ARGENTINA,MAKENKE,PLAYA PIGAFETTA,LOWTIDE,42,-49.203315,-67.6552933333333,,TG-6,MBON_P2P,,no,25x25cm,,AMP8
AMP80156.jpg,2023-04-17,Rocky Shore,ARGENTINA,MAKENKE,PLAYA PIGAFETTA,LOWTIDE,42,-49.2033616666667,-67.65535,,TG-6,MBON_P2P,,no,25x25cm,,AMP8
AMP80157.jpg,2023-04-17,Rocky Shore,ARGENTINA,MAKENKE,PLAYA PIGAFETTA,LOWTIDE,42,-49.2033633333333,-67.6553533333333,,TG-6,MBON_P2P,,no,25x25cm,,AMP8
AMP80158.jpg,2023-04-17,Rocky Shore,ARGENTINA,MAKENKE,PLAYA PIGAFETTA,LOWTIDE,42,-49.2033616666667,-67.65536,,TG-6,MBON_P2P,,no,25x25cm,,AMP8
AMP80159.jpg,2023-04-17,Rocky Shore,ARGENTINA,MAKENKE,PLAYA PIGAFETTA,LOWTIDE,42,-49.2033583333333,-67.6554533333333,,TG-6,MBON_P2P,,no,25x25cm,,AMP8
AMP80160.jpg,2023-04-17,Rocky Shore,ARGENTINA,MAKENKE,PLAYA PIGAFETTA,LOWTIDE,42,-49.2033583333333,-67.6554666666667,,TG-6,MBON_P2P,,no,25x25cm,,AMP8
AMP80161.jpg,2023-04-17,Rocky Shore,ARGENTINA,MAKENKE,PLAYA PIGAFETTA,LOWTIDE,42,-49.2033683333333,-67.6554816666667,,TG-6,MBON_P2P,,no,25x25cm,,AMP8
AMP80162.jpg,2023-04-17,Rocky Shore,ARGENTINA,MAKENKE,PLAYA PIGAFETTA,LOWTIDE,42,-49.2033783333333,-67.6555033333333,,TG-6,MBON_P2P,,no,25x25cm,,AMP8
AMP80163.jpg,2023-04-17,Rocky Shore,ARGENTINA,MAKENKE,PLAYA PIGAFETTA,LOWTIDE,42,-49.20339,-67.6555133333333,,TG-6,MBON_P2P,,no,25x25cm,,AMP8
AMP80164.jpg,2023-04-17,Rocky Shore,ARGENTINA,MAKENKE,PLAYA PIGAFETTA,LOWTIDE,42,-49.203425,-67.6555566666667,,TG-6,MBON_P2P,,no,25x25cm,,AMP8
AMP80165.jpg,2023-04-17,Rocky Shore,ARGENTINA,MAKENKE,PLAYA PIGAFETTA,LOWTIDE,42,-49.203425,-67.6555583333333,,TG-6,MBON_P2P,,no,25x25cm,,AMP8
AMP80166.jpg,2023-04-17,Rocky Shore,ARGENTINA,MAKENKE,PLAYA PIGAFETTA,LOWTIDE,42,-49.203425,-67.6555583333333,,TG-6,MBON_P2P,,no,25x25cm,,AMP8
AMP80167.jpg,2023-04-17,Rocky Shore,ARGENTINA,MAKENKE,PLAYA PIGAFETTA,LOWTIDE,42,-49.203425,-67.6555583333333,,TG-6,MBON_P2P,,no,25x25cm,,AMP8
AMP80168.jpg,2023-04-17,Rocky Shore,ARGENTINA,MAKENKE,PLAYA PIGAFETTA,LOWTIDE,42,-49.20345,-67.6555966666667,,TG-6,MBON_P2P,,no,25x25cm,,AMP8
AMP80169.jpg,2023-04-17,Rocky Shore,ARGENTINA,MAKENKE,PLAYA PIGAFETTA,LOWTIDE,42,-49.20345,-67.6555966666667,,TG-6,MBON_P2P,,no,25x25cm,,AMP8
AMP80170.jpg,2023-04-17,Rocky Shore,ARGENTINA,MAKENKE,PLAYA PIGAFETTA,LOWTIDE,42,-49.2034766666667,-67.6556583333333,,TG-6,MBON_P2P,,no,25x25cm,,AMP8
AMP80171.jpg,2023-04-17,Rocky Shore,ARGENTINA,MAKENKE,PLAYA PIGAFETTA,LOWTIDE,42,-49.2034883333333,-67.65568,,TG-6,MBON_P2P,,no,25x25cm,,AMP8
AMP80188.jpg,2023-04-18,Rocky Shore,ARGENTINA,MAKENKE,FARO CABO CURIOSO,HIGHTIDE,42,-49.1855533333333,-67.6147916666667,,TG-6,MBON_P2P,,no,25x25cm,,AMP8
AMP80189.jpg,2023-04-18,Rocky Shore,ARGENTINA,MAKENKE,FARO CABO CURIOSO,HIGHTIDE,42,-49.18552,-67.6147616666667,,TG-6,MBON_P2P,,no,25x25cm,,AMP8
AMP80190.jpg,2023-04-18,Rocky Shore,ARGENTINA,MAKENKE,FARO CABO CURIOSO,HIGHTIDE,42,-49.1855816666667,-67.6147633333333,,TG-6,MBON_P2P,,no,25x25cm,,AMP8
AMP80191.jpg,2023-04-18,Rocky Shore,ARGENTINA,MAKENKE,FARO CABO CURIOSO,HIGHTIDE,42,-49.18558,-67.6146966666667,,TG-6,MBON_P2P,,no,25x25cm,,AMP8
AMP80192.jpg,2023-04-18,Rocky Shore,ARGENTINA,MAKENKE,FARO CABO CURIOSO,HIGHTIDE,42,-49.1855766666667,-67.6146783333333,,TG-6,MBON_P2P,,no,25x25cm,,AMP8
AMP80193.jpg,2023-04-18,Rocky Shore,ARGENTINA,MAKENKE,FARO CABO CURIOSO,HIGHTIDE,42,-49.1856833333333,-67.614665,,TG-6,MBON_P2P,,no,25x25cm,,AMP8
AMP80194.jpg,2023-04-18,Rocky Shore,ARGENTINA,MAKENKE,FARO CABO CURIOSO,HIGHTIDE,42,-49.1854833333333,-67.614575,,TG-6,MBON_P2P,,no,25x25cm,,AMP8
AMP80195.jpg,2023-04-18,Rocky Shore,ARGENTINA,MAKENKE,FARO CABO CURIOSO,HIGHTIDE,42,-49.1857566666667,-67.6148383333333,,TG-6,MBON_P2P,,no,25x25cm,,AMP8
AMP80196.jpg,2023-04-18,Rocky Shore,ARGENTINA,MAKENKE,FARO CABO CURIOSO,HIGHTIDE,42,-49.1857833333333,-67.61488,,TG-6,MBON_P2P,,no,25x25cm,,AMP8
AMP80197.jpg,2023-04-18,Rocky Shore,ARGENTINA,MAKENKE,FARO CABO CURIOSO,HIGHTIDE,42,-49.1858233333333,-67.6148983333333,,TG-6,MBON_P2P,,no,25x25cm,,AMP8
AMP80198.jpg,2023-04-18,Rocky Shore,ARGENTINA,MAKENKE,FARO CABO CURIOSO,HIGHTIDE,42,-49.18584,-67.614845,,TG-6,MBON_P2P,,no,25x25cm,,AMP8
AMP80199.jpg,2023-04-18,Rocky Shore,ARGENTINA,MAKENKE,FARO CABO CURIOSO,HIGHTIDE,42,-49.1858566666667,-67.6148333333333,,TG-6,MBON_P2P,,no,25x25cm,,AMP8
AMP80200.jpg,2023-04-18,Rocky Shore,ARGENTINA,MAKENKE,FARO CABO CURIOSO,HIGHTIDE,42,-49.1858683333333,-67.6148233333333,,TG-6,MBON_P2P,,no,25x25cm,,AMP8
AMP80201.jpg,2023-04-18,Rocky Shore,ARGENTINA,MAKENKE,FARO CABO CURIOSO,HIGHTIDE,42,-49.1858733333333,-67.6148416666667,,TG-6,MBON_P2P,,no,25x25cm,,AMP8
AMP80202.jpg,2023-04-18,Rocky Shore,ARGENTINA,MAKENKE,FARO CABO CURIOSO,HIGHTIDE,42,-49.18588,-67.614875,,TG-6,MBON_P2P,,no,25x25cm,,AMP8
AMP80203.jpg,2023-04-18,Rocky Shore,ARGENTINA,MAKENKE,FARO CABO CURIOSO,HIGHTIDE,42,-49.1858816666667,-67.614875,,TG-6,MBON_P2P,,no,25x25cm,,AMP8
AMP80204.jpg,2023-04-18,Rocky Shore,ARGENTINA,MAKENKE,FARO CABO CURIOSO,HIGHTIDE,42,-49.1858716666667,-67.6148633333333,,TG-6,MBON_P2P,,no,25x25cm,,AMP8
AMP80205.jpg,2023-04-18,Rocky Shore,ARGENTINA,MAKENKE,FARO CABO CURIOSO,HIGHTIDE,42,-49.1858783333333,-67.61486,,TG-6,MBON_P2P,,no,25x25cm,,AMP8
AMP80206.jpg,2023-04-18,Rocky Shore,ARGENTINA,MAKENKE,FARO CABO CURIOSO,HIGHTIDE,42,-49.1858816666667,-67.61486,,TG-6,MBON_P2P,,no,25x25cm,,AMP8
AMP80207.jpg,2023-04-18,Rocky Shore,ARGENTINA,MAKENKE,FARO CABO CURIOSO,HIGHTIDE,42,-49.1858833333333,-67.61486,,TG-6,MBON_P2P,,no,25x25cm,,AMP8
AMP80208.jpg,2023-04-18,Rocky Shore,ARGENTINA,MAKENKE,FARO CABO CURIOSO,HIGHTIDE,42,-49.1858833333333,-67.61486,,TG-6,MBON_P2P,,no,25x25cm,,AMP8
AMP80209.jpg,2023-04-18,Rocky Shore,ARGENTINA,MAKENKE,FARO CABO CURIOSO,HIGHTIDE,42,-49.185885,-67.61486,,TG-6,MBON_P2P,,no,25x25cm,,AMP8
AMP80210.jpg,2023-04-18,Rocky Shore,ARGENTINA,MAKENKE,FARO CABO CURIOSO,HIGHTIDE,42,-49.1858866666667,-67.61486,,TG-6,MBON_P2P,,no,25x25cm,,AMP8
AMP80211.jpg,2023-04-18,Rocky Shore,ARGENTINA,MAKENKE,FARO CABO CURIOSO,HIGHTIDE,42,-49.18589,-67.61486,,TG-6,MBON_P2P,,no,25x25cm,,AMP8
AMP80212.jpg,2023-04-18,Rocky Shore,ARGENTINA,MAKENKE,FARO CABO CURIOSO,HIGHTIDE,42,-49.185895,-67.6148616666667,,TG-6,MBON_P2P,,no,25x25cm,,AMP8
AMP80213.jpg,2023-04-18,Rocky Shore,ARGENTINA,MAKENKE,FARO CABO CURIOSO,HIGHTIDE,42,-49.1859,-67.6148633333333,,TG-6,MBON_P2P,,no,25x25cm,,AMP8
AMP80214.jpg,2023-04-18,Rocky Shore,ARGENTINA,MAKENKE,FARO CABO CURIOSO,HIGHTIDE,42,-49.1859033333333,-67.6148633333333,,TG-6,MBON_P2P,,no,25x25cm,,AMP8
AMP80215.jpg,2023-04-18,Rocky Shore,ARGENTINA,MAKENKE,FARO CABO CURIOSO,HIGHTIDE,42,-49.1859116666667,-67.6148633333333,,TG-6,MBON_P2P,,no,25x25cm,,AMP8
AMP80216.jpg,2023-04-18,Rocky Shore,ARGENTINA,MAKENKE,FARO CABO CURIOSO,HIGHTIDE,42,-49.18595,-67.6148983333333,,TG-6,MBON_P2P,,no,25x25cm,,AMP8
AMP80217.jpg,2023-04-18,Rocky Shore,ARGENTINA,MAKENKE,FARO CABO CURIOSO,HIGHTIDE,42,-49.1859633333333,-67.614895,,TG-6,MBON_P2P,,no,25x25cm,,AMP8
AMP80218.jpg,2023-04-18,Rocky Shore,ARGENTINA,MAKENKE,FARO CABO CURIOSO,HIGHTIDE,42,-49.1860016666667,-67.6149266666667,,TG-6,MBON_P2P,,no,25x25cm,,AMP8
AMP80219.jpg,2023-04-18,Rocky Shore,ARGENTINA,MAKENKE,FARO CABO CURIOSO,HIGHTIDE,42,-49.1861133333333,-67.6148933333333,,TG-6,MBON_P2P,,no,25x25cm,,AMP8
AMP80220.jpg,2023-04-18,Rocky Shore,ARGENTINA,MAKENKE,FARO CABO CURIOSO,HIGHTIDE,42,-49.1861133333333,-67.6148916666667,,TG-6,MBON_P2P,,no,25x25cm,,AMP8
AMP80221.jpg,2023-04-18,Rocky Shore,ARGENTINA,MAKENKE,FARO CABO CURIOSO,HIGHTIDE,42,-49.1861533333333,-67.6148933333333,,TG-6,MBON_P2P,,no,25x25cm,,AMP8
AMP80222.jpg,2023-04-18,Rocky Shore,ARGENTINA,MAKENKE,FARO CABO CURIOSO,HIGHTIDE,42,-49.1866766666667,-67.614385,,TG-6,MBON_P2P,,no,25x25cm,,AMP8
AMP80223.jpg,2023-04-18,Rocky Shore,ARGENTINA,MAKENKE,FARO CABO CURIOSO,HIGHTIDE,42,-49.1866766666667,-67.614385,,TG-6,MBON_P2P,,no,25x25cm,,AMP8
AMP80224.jpg,2023-04-18,Rocky Shore,ARGENTINA,MAKENKE,FARO CABO CURIOSO,HIGHTIDE,42,-49.1866783333333,-67.6143833333333,,TG-6,MBON_P2P,,no,25x25cm,,AMP8
AMP80225.jpg,2023-04-18,Rocky Shore,ARGENTINA,MAKENKE,FARO CABO CURIOSO,HIGHTIDE,42,-49.18668,-67.6143833333333,,TG-6,MBON_P2P,,no,25x25cm,,AMP8
AMP80226.jpg,2023-04-18,Rocky Shore,ARGENTINA,MAKENKE,FARO CABO CURIOSO,HIGHTIDE,42,-49.1866483333333,-67.6143716666667,,TG-6,MBON_P2P,,no,25x25cm,,AMP8
AMP80227.jpg,2023-04-18,Rocky Shore,ARGENTINA,MAKENKE,FARO CABO CURIOSO,HIGHTIDE,42,-49.1866566666667,-67.6143633333333,,TG-6,MBON_P2P,,no,25x25cm,,AMP8
AMP80228.jpg,2023-04-18,Rocky Shore,ARGENTINA,MAKENKE,FARO CABO CURIOSO,HIGHTIDE,42,-49.1866566666667,-67.614365,,TG-6,MBON_P2P,,no,25x25cm,,AMP8
AMP80229.jpg,2023-04-18,Rocky Shore,ARGENTINA,MAKENKE,FARO CABO CURIOSO,HIGHTIDE,42,-49.1867633333333,-67.6141383333333,,TG-6,MBON_P2P,,no,25x25cm,,AMP8
AMP80230.jpg,2023-04-18,Rocky Shore,ARGENTINA,MAKENKE,FARO CABO CURIOSO,HIGHTIDE,42,-49.186765,-67.6141383333333,,TG-6,MBON_P2P,,no,25x25cm,,AMP8
AMP80232.jpg,2023-04-18,Rocky Shore,ARGENTINA,MAKENKE,FARO CABO CURIOSO,MIDTIDE,42,-49.1868816666667,-67.6133116666667,,TG-6,MBON_P2P,,no,25x25cm,,AMP8
AMP80233.jpg,2023-04-18,Rocky Shore,ARGENTINA,MAKENKE,FARO CABO CURIOSO,MIDTIDE,42,-49.1868733333333,-67.6133066666667,,TG-6,MBON_P2P,,no,25x25cm,,AMP8
AMP80234.jpg,2023-04-18,Rocky Shore,ARGENTINA,MAKENKE,FARO CABO CURIOSO,MIDTIDE,42,-49.1868733333333,-67.6133066666667,,TG-6,MBON_P2P,,no,25x25cm,,AMP8
AMP80235.jpg,2023-04-18,Rocky Shore,ARGENTINA,MAKENKE,FARO CABO CURIOSO,MIDTIDE,42,-49.1868733333333,-67.613305,,TG-6,MBON_P2P,,no,25x25cm,,AMP8
AMP80236.jpg,2023-04-18,Rocky Shore,ARGENTINA,MAKENKE,FARO CABO CURIOSO,MIDTIDE,42,-49.1868783333333,-67.613265,,TG-6,MBON_P2P,,no,25x25cm,,AMP8
AMP80237.jpg,2023-04-18,Rocky Shore,ARGENTINA,MAKENKE,FARO CABO CURIOSO,MIDTIDE,42,-49.1868833333333,-67.6132283333333,,TG-6,MBON_P2P,,no,25x25cm,,AMP8
AMP80238.jpg,2023-04-18,Rocky Shore,ARGENTINA,MAKENKE,FARO CABO CURIOSO,MIDTIDE,42,-49.1868833333333,-67.613225,,TG-6,MBON_P2P,,no,25x25cm,,AMP8
AMP80239.jpg,2023-04-18,Rocky Shore,ARGENTINA,MAKENKE,FARO CABO CURIOSO,MIDTIDE,42,-49.186885,-67.6132216666667,,TG-6,MBON_P2P,,no,25x25cm,,AMP8
AMP80240.jpg,2023-04-18,Rocky Shore,ARGENTINA,MAKENKE,FARO CABO CURIOSO,MIDTIDE,42,-49.1868716666667,-67.6132216666667,,TG-6,MBON_P2P,,no,25x25cm,,AMP8
AMP80241.jpg,2023-04-18,Rocky Shore,ARGENTINA,MAKENKE,FARO CABO CURIOSO,MIDTIDE,42,-49.1868716666667,-67.6132133333333,,TG-6,MBON_P2P,,no,25x25cm,,AMP8
AMP80242.jpg,2023-04-18,Rocky Shore,ARGENTINA,MAKENKE,FARO CABO CURIOSO,MIDTIDE,42,-49.1868716666667,-67.6132066666667,,TG-6,MBON_P2P,,no,25x25cm,,AMP8
AMP80243.jpg,2023-04-18,Rocky Shore,ARGENTINA,MAKENKE,FARO CABO CURIOSO,MIDTIDE,42,-49.186875,-67.613185,,TG-6,MBON_P2P,,no,25x25cm,,AMP8
AMP80244.jpg,2023-04-18,Rocky Shore,ARGENTINA,MAKENKE,FARO CABO CURIOSO,MIDTIDE,42,-49.186875,-67.6131783333333,,TG-6,MBON_P2P,,no,25x25cm,,AMP8
AMP80245.jpg,2023-04-18,Rocky Shore,ARGENTINA,MAKENKE,FARO CABO CURIOSO,MIDTIDE,42,-49.186875,-67.6131766666667,,TG-6,MBON_P2P,,no,25x25cm,,AMP8
AMP80246.jpg,2023-04-18,Rocky Shore,ARGENTINA,MAKENKE,FARO CABO CURIOSO,MIDTIDE,42,-49.186875,-67.6131716666667,,TG-6,MBON_P2P,,no,25x25cm,,AMP8
AMP80247.jpg,2023-04-18,Rocky Shore,ARGENTINA,MAKENKE,FARO CABO CURIOSO,MIDTIDE,42,-49.186875,-67.6131666666667,,TG-6,MBON_P2P,,no,25x25cm,,AMP8
AMP80248.jpg,2023-04-18,Rocky Shore,ARGENTINA,MAKENKE,FARO CABO CURIOSO,MIDTIDE,42,-49.186875,-67.61316,,TG-6,MBON_P2P,,no,25x25cm,,AMP8
AMP80249.jpg,2023-04-18,Rocky Shore,ARGENTINA,MAKENKE,FARO CABO CURIOSO,MIDTIDE,42,-49.186875,-67.6131566666667,,TG-6,MBON_P2P,,no,25x25cm,,AMP8
AMP80250.jpg,2023-04-18,Rocky Shore,ARGENTINA,MAKENKE,FARO CABO CURIOSO,MIDTIDE,42,-49.186875,-67.6131533333333,,TG-6,MBON_P2P,,no,25x25cm,,AMP8
AMP80251.jpg,2023-04-18,Rocky Shore,ARGENTINA,MAKENKE,FARO CABO CURIOSO,MIDTIDE,42,-49.186875,-67.6131533333333,,TG-6,MBON_P2P,,no,25x25cm,,AMP8
AMP80252.jpg,2023-04-18,Rocky Shore,ARGENTINA,MAKENKE,FARO CABO CURIOSO,MIDTIDE,42,-49.1868666666667,-67.6131383333333,,TG-6,MBON_P2P,,no,25x25cm,,AMP8
AMP80253.jpg,2023-04-18,Rocky Shore,ARGENTINA,MAKENKE,FARO CABO CURIOSO,MIDTIDE,42,-49.1868666666667,-67.6131366666667,,TG-6,MBON_P2P,,no,25x25cm,,AMP8
AMP80254.jpg,2023-04-18,Rocky Shore,ARGENTINA,MAKENKE,FARO CABO CURIOSO,MIDTIDE,42,-49.1868566666667,-67.6130833333333,,TG-6,MBON_P2P,,no,25x25cm,,AMP8
AMP80255.jpg,2023-04-18,Rocky Shore,ARGENTINA,MAKENKE,FARO CABO CURIOSO,MIDTIDE,42,-49.18683,-67.6128283333333,,TG-6,MBON_P2P,,no,25x25cm,,AMP8
AMP80256.jpg,2023-04-18,Rocky Shore,ARGENTINA,MAKENKE,FARO CABO CURIOSO,MIDTIDE,42,-49.1868283333333,-67.61281,,TG-6,MBON_P2P,,no,25x25cm,,AMP8
AMP80257.jpg,2023-04-18,Rocky Shore,ARGENTINA,MAKENKE,FARO CABO CURIOSO,MIDTIDE,42,-49.1868283333333,-67.6128066666667,,TG-6,MBON_P2P,,no,25x25cm,,AMP8
AMP80258.jpg,2023-04-18,Rocky Shore,ARGENTINA,MAKENKE,FARO CABO CURIOSO,MIDTIDE,42,-49.1868283333333,-67.612805,,TG-6,MBON_P2P,,no,25x25cm,,AMP8
AMP80259.jpg,2023-04-18,Rocky Shore,ARGENTINA,MAKENKE,FARO CABO CURIOSO,MIDTIDE,42,-49.1868283333333,-67.6128,,TG-6,MBON_P2P,,no,25x25cm,,AMP8
AMP80260.jpg,2023-04-18,Rocky Shore,ARGENTINA,MAKENKE,FARO CABO CURIOSO,MIDTIDE,42,-49.1868166666667,-67.6127766666667,,TG-6,MBON_P2P,,no,25x25cm,,AMP8
AMP80261.jpg,2023-04-18,Rocky Shore,ARGENTINA,MAKENKE,FARO CABO CURIOSO,MIDTIDE,42,-49.1868133333333,-67.6127333333333,,TG-6,MBON_P2P,,no,25x25cm,,AMP8
AMP80262.jpg,2023-04-18,Rocky Shore,ARGENTINA,MAKENKE,FARO CABO CURIOSO,MIDTIDE,42,-49.1868116666667,-67.6127133333333,,TG-6,MBON_P2P,,no,25x25cm,,AMP8
AMP80263.jpg,2023-04-18,Rocky Shore,ARGENTINA,MAKENKE,FARO CABO CURIOSO,MIDTIDE,42,-49.186795,-67.6125933333333,,TG-6,MBON_P2P,,no,25x25cm,,AMP8
AMP80264.jpg,2023-04-18,Rocky Shore,ARGENTINA,MAKENKE,FARO CABO CURIOSO,MIDTIDE,42,-49.1867816666667,-67.6124733333333,,TG-6,MBON_P2P,,no,25x25cm,,AMP8
AMP80265.jpg,2023-04-18,Rocky Shore,ARGENTINA,MAKENKE,FARO CABO CURIOSO,MIDTIDE,42,-49.1867783333333,-67.612465,,TG-6,MBON_P2P,,no,25x25cm,,AMP8
AMP80266.jpg,2023-04-18,Rocky Shore,ARGENTINA,MAKENKE,FARO CABO CURIOSO,MIDTIDE,42,-49.186545,-67.6119616666667,,TG-6,MBON_P2P,,no,25x25cm,,AMP8
AMP80267.jpg,2023-04-18,Rocky Shore,ARGENTINA,MAKENKE,FARO CABO CURIOSO,MIDTIDE,42,-49.1864916666667,-67.6119333333333,,TG-6,MBON_P2P,,no,25x25cm,,AMP8
AMP80268.jpg,2023-04-18,Rocky Shore,ARGENTINA,MAKENKE,FARO CABO CURIOSO,MIDTIDE,42,-49.18649,-67.6119283333333,,TG-6,MBON_P2P,,no,25x25cm,,AMP8
AMP80269.jpg,2023-04-18,Rocky Shore,ARGENTINA,MAKENKE,FARO CABO CURIOSO,MIDTIDE,42,-49.18649,-67.6119266666667,,TG-6,MBON_P2P,,no,25x25cm,,AMP8
AMP80270.jpg,2023-04-18,Rocky Shore,ARGENTINA,MAKENKE,FARO CABO CURIOSO,MIDTIDE,42,-49.18649,-67.6119266666667,,TG-6,MBON_P2P,,no,25x25cm,,AMP8
AMP80271.jpg,2023-04-18,Rocky Shore,ARGENTINA,MAKENKE,FARO CABO CURIOSO,MIDTIDE,42,-49.1864816666667,-67.61188,,TG-6,MBON_P2P,,no,25x25cm,,AMP8
AMP80272.jpg,2023-04-18,Rocky Shore,ARGENTINA,MAKENKE,FARO CABO CURIOSO,MIDTIDE,42,-49.1864766666667,-67.611865,,TG-6,MBON_P2P,,no,25x25cm,,AMP8
AMP80273.jpg,2023-04-18,Rocky Shore,ARGENTINA,MAKENKE,FARO CABO CURIOSO,MIDTIDE,42,-49.1864033333333,-67.6117033333333,,TG-6,MBON_P2P,,no,25x25cm,,AMP8
AMP80274.jpg,2023-04-18,Rocky Shore,ARGENTINA,MAKENKE,FARO CABO CURIOSO,MIDTIDE,42,-49.1863666666667,-67.6116883333333,,TG-6,MBON_P2P,,no,25x25cm,,AMP8
AMP80275.jpg,2023-04-18,Rocky Shore,ARGENTINA,MAKENKE,FARO CABO CURIOSO,MIDTIDE,42,-49.1863666666667,-67.6116883333333,,TG-6,MBON_P2P,,no,25x25cm,,AMP8
AMP80276.jpg,2023-04-18,Rocky Shore,ARGENTINA,MAKENKE,FARO CABO CURIOSO,MIDTIDE,42,-49.18637,-67.6116783333333,,TG-6,MBON_P2P,,no,25x25cm,,AMP8
AMP80277.jpg,2023-04-18,Rocky Shore,ARGENTINA,MAKENKE,FARO CABO CURIOSO,MIDTIDE,42,-49.1863683333333,-67.611675,,TG-6,MBON_P2P,,no,25x25cm,,AMP8
AMP80278.jpg,2023-04-18,Rocky Shore,ARGENTINA,MAKENKE,FARO CABO CURIOSO,MIDTIDE,42,-49.1863866666667,-67.61151,,TG-6,MBON_P2P,,no,25x25cm,,AMP8
AMP80279.jpg,2023-04-18,Rocky Shore,ARGENTINA,MAKENKE,FARO CABO CURIOSO,MIDTIDE,42,-49.1863483333333,-67.6113483333333,,TG-6,MBON_P2P,,no,25x25cm,,AMP8
AMP80280.jpg,2023-04-18,Rocky Shore,ARGENTINA,MAKENKE,FARO CABO CURIOSO,MIDTIDE,42,-49.1863533333333,-67.6113566666667,,TG-6,MBON_P2P,,no,25x25cm,,AMP8
AMP80282.jpg,2023-04-18,Rocky Shore,ARGENTINA,MAKENKE,FARO CABO CURIOSO,LOWTIDE,42,-49.1866116666667,-67.609915,,TG-6,MBON_P2P,,no,25x25cm,,AMP8
AMP80283.jpg,2023-04-18,Rocky Shore,ARGENTINA,MAKENKE,FARO CABO CURIOSO,LOWTIDE,42,-49.1866116666667,-67.609915,,TG-6,MBON_P2P,,no,25x25cm,,AMP8
AMP80284.jpg,2023-04-18,Rocky Shore,ARGENTINA,MAKENKE,FARO CABO CURIOSO,LOWTIDE,42,-49.1866116666667,-67.609915,,TG-6,MBON_P2P,,no,25x25cm,,AMP8
AMP80285.jpg,2023-04-18,Rocky Shore,ARGENTINA,MAKENKE,FARO CABO CURIOSO,LOWTIDE,42,-49.1866116666667,-67.6099133333333,,TG-6,MBON_P2P,,no,25x25cm,,AMP8
AMP80286.jpg,2023-04-18,Rocky Shore,ARGENTINA,MAKENKE,FARO CABO CURIOSO,LOWTIDE,42,-49.18661,-67.6099116666667,,TG-6,MBON_P2P,,no,25x25cm,,AMP8
AMP80287.jpg,2023-04-18,Rocky Shore,ARGENTINA,MAKENKE,FARO CABO CURIOSO,LOWTIDE,42,-49.1866116666667,-67.6099083333333,,TG-6,MBON_P2P,,no,25x25cm,,AMP8
AMP80288.jpg,2023-04-18,Rocky Shore,ARGENTINA,MAKENKE,FARO CABO CURIOSO,LOWTIDE,42,-49.1866116666667,-67.609875,,TG-6,MBON_P2P,,no,25x25cm,,AMP8
AMP80289.jpg,2023-04-18,Rocky Shore,ARGENTINA,MAKENKE,FARO CABO CURIOSO,LOWTIDE,42,-49.1866116666667,-67.6098683333333,,TG-6,MBON_P2P,,no,25x25cm,,AMP8
AMP80290.jpg,2023-04-18,Rocky Shore,ARGENTINA,MAKENKE,FARO CABO CURIOSO,LOWTIDE,42,-49.1866116666667,-67.6098633333333,,TG-6,MBON_P2P,,no,25x25cm,,AMP8
AMP80291.jpg,2023-04-18,Rocky Shore,ARGENTINA,MAKENKE,FARO CABO CURIOSO,LOWTIDE,42,-49.1866133333333,-67.6098533333333,,TG-6,MBON_P2P,,no,25x25cm,,AMP8
AMP80292.jpg,2023-04-18,Rocky Shore,ARGENTINA,MAKENKE,FARO CABO CURIOSO,LOWTIDE,42,-49.1866233333333,-67.609835,,TG-6,MBON_P2P,,no,25x25cm,,AMP8
AMP80293.jpg,2023-04-18,Rocky Shore,ARGENTINA,MAKENKE,FARO CABO CURIOSO,LOWTIDE,42,-49.186625,-67.60982,,TG-6,MBON_P2P,,no,25x25cm,,AMP8
AMP80294.jpg,2023-04-18,Rocky Shore,ARGENTINA,MAKENKE,FARO CABO CURIOSO,LOWTIDE,42,-49.18667,-67.60899,,TG-6,MBON_P2P,,no,25x25cm,,AMP8
AMP80295.jpg,2023-04-18,Rocky Shore,ARGENTINA,MAKENKE,FARO CABO CURIOSO,LOWTIDE,42,-49.18667,-67.6089883333333,,TG-6,MBON_P2P,,no,25x25cm,,AMP8
AMP80296.jpg,2023-04-18,Rocky Shore,ARGENTINA,MAKENKE,FARO CABO CURIOSO,LOWTIDE,42,-49.1866716666667,-67.60898,,TG-6,MBON_P2P,,no,25x25cm,,AMP8
AMP80297.jpg,2023-04-18,Rocky Shore,ARGENTINA,MAKENKE,FARO CABO CURIOSO,LOWTIDE,42,-49.186675,-67.6089283333333,,TG-6,MBON_P2P,,no,25x25cm,,AMP8
AMP80298.jpg,2023-04-18,Rocky Shore,ARGENTINA,MAKENKE,FARO CABO CURIOSO,LOWTIDE,42,-49.1866766666667,-67.6089266666667,,TG-6,MBON_P2P,,no,25x25cm,,AMP8
AMP80299.jpg,2023-04-18,Rocky Shore,ARGENTINA,MAKENKE,FARO CABO CURIOSO,LOWTIDE,42,-49.18669,-67.60893,,TG-6,MBON_P2P,,no,25x25cm,,AMP8
AMP80300.jpg,2023-04-18,Rocky Shore,ARGENTINA,MAKENKE,FARO CABO CURIOSO,LOWTIDE,42,-49.18669,-67.6089233333333,,TG-6,MBON_P2P,,no,25x25cm,,AMP8
AMP80301.jpg,2023-04-18,Rocky Shore,ARGENTINA,MAKENKE,FARO CABO CURIOSO,LOWTIDE,42,-49.186695,-67.6087916666667,,TG-6,MBON_P2P,,no,25x25cm,,AMP8
AMP80302.jpg,2023-04-18,Rocky Shore,ARGENTINA,MAKENKE,FARO CABO CURIOSO,LOWTIDE,42,-49.1867,-67.6087533333333,,TG-6,MBON_P2P,,no,25x25cm,,AMP8
AMP80303.jpg,2023-04-18,Rocky Shore,ARGENTINA,MAKENKE,FARO CABO CURIOSO,LOWTIDE,42,-49.1867083333333,-67.6086616666667,,TG-6,MBON_P2P,,no,25x25cm,,AMP8
AMP80304.jpg,2023-04-18,Rocky Shore,ARGENTINA,MAKENKE,FARO CABO CURIOSO,LOWTIDE,42,-49.18671,-67.60861,,TG-6,MBON_P2P,,no,25x25cm,,AMP8
AMP80305.jpg,2023-04-18,Rocky Shore,ARGENTINA,MAKENKE,FARO CABO CURIOSO,LOWTIDE,42,-49.1867083333333,-67.6084616666667,,TG-6,MBON_P2P,,no,25x25cm,,AMP8
AMP80306.jpg,2023-04-18,Rocky Shore,ARGENTINA,MAKENKE,FARO CABO CURIOSO,LOWTIDE,42,-49.1867083333333,-67.6084616666667,,TG-6,MBON_P2P,,no,25x25cm,,AMP8
AMP80307.jpg,2023-04-18,Rocky Shore,ARGENTINA,MAKENKE,FARO CABO CURIOSO,LOWTIDE,42,-49.1867083333333,-67.6084566666667,,TG-6,MBON_P2P,,no,25x25cm,,AMP8
AMP80308.jpg,2023-04-18,Rocky Shore,ARGENTINA,MAKENKE,FARO CABO CURIOSO,LOWTIDE,42,-49.1867066666667,-67.608435,,TG-6,MBON_P2P,,no,25x25cm,,AMP8
AMP80309.jpg,2023-04-18,Rocky Shore,ARGENTINA,MAKENKE,FARO CABO CURIOSO,LOWTIDE,42,-49.1866866666667,-67.6083383333333,,TG-6,MBON_P2P,,no,25x25cm,,AMP8
AMP80310.jpg,2023-04-18,Rocky Shore,ARGENTINA,MAKENKE,FARO CABO CURIOSO,LOWTIDE,42,-49.186685,-67.60831,,TG-6,MBON_P2P,,no,25x25cm,,AMP8
AMP80311.jpg,2023-04-18,Rocky Shore,ARGENTINA,MAKENKE,FARO CABO CURIOSO,LOWTIDE,42,-49.18669,-67.6082733333333,,TG-6,MBON_P2P,,no,25x25cm,,AMP8
AMP80312.jpg,2023-04-18,Rocky Shore,ARGENTINA,MAKENKE,FARO CABO CURIOSO,LOWTIDE,42,-49.186665,-67.6082216666667,,TG-6,MBON_P2P,,no,25x25cm,,AMP8
AMP80313.jpg,2023-04-18,Rocky Shore,ARGENTINA,MAKENKE,FARO CABO CURIOSO,LOWTIDE,42,-49.18659,-67.6081466666667,,TG-6,MBON_P2P,,no,25x25cm,,AMP8
AMP80314.jpg,2023-04-18,Rocky Shore,ARGENTINA,MAKENKE,FARO CABO CURIOSO,LOWTIDE,42,-49.1865633333333,-67.6080916666667,,TG-6,MBON_P2P,,no,25x25cm,,AMP8
AMP80315.jpg,2023-04-18,Rocky Shore,ARGENTINA,MAKENKE,FARO CABO CURIOSO,LOWTIDE,42,-49.1865633333333,-67.60809,,TG-6,MBON_P2P,,no,25x25cm,,AMP8
AMP80316.jpg,2023-04-18,Rocky Shore,ARGENTINA,MAKENKE,FARO CABO CURIOSO,LOWTIDE,42,-49.1865566666667,-67.608075,,TG-6,MBON_P2P,,no,25x25cm,,AMP8
AMP80317.jpg,2023-04-18,Rocky Shore,ARGENTINA,MAKENKE,FARO CABO CURIOSO,LOWTIDE,42,-49.186515,-67.60805,,TG-6,MBON_P2P,,no,25x25cm,,AMP8
AMP80318.jpg,2023-04-18,Rocky Shore,ARGENTINA,MAKENKE,FARO CABO CURIOSO,LOWTIDE,42,-49.18647,-67.6080083333333,,TG-6,MBON_P2P,,no,25x25cm,,AMP8
AMP80319.jpg,2023-04-18,Rocky Shore,ARGENTINA,MAKENKE,FARO CABO CURIOSO,LOWTIDE,42,-49.18643,-67.6079783333333,,TG-6,MBON_P2P,,no,25x25cm,,AMP8
AMP80320.jpg,2023-04-18,Rocky Shore,ARGENTINA,MAKENKE,FARO CABO CURIOSO,LOWTIDE,42,-49.18639,-67.6079383333333,,TG-6,MBON_P2P,,no,25x25cm,,AMP8
AMP80321.jpg,2023-04-18,Rocky Shore,ARGENTINA,MAKENKE,FARO CABO CURIOSO,LOWTIDE,42,-49.186385,-67.6079283333333,,TG-6,MBON_P2P,,no,25x25cm,,AMP8
AMP80322.jpg,2023-04-18,Rocky Shore,ARGENTINA,MAKENKE,FARO CABO CURIOSO,LOWTIDE,42,-49.1862033333333,-67.607795,,TG-6,MBON_P2P,,no,25x25cm,,AMP8
AMP80323.jpg,2023-04-18,Rocky Shore,ARGENTINA,MAKENKE,FARO CABO CURIOSO,LOWTIDE,42,-49.1860816666667,-67.607865,,TG-6,MBON_P2P,,no,25x25cm,,AMP8
AMP80324.jpg,2023-04-18,Rocky Shore,ARGENTINA,MAKENKE,FARO CABO CURIOSO,LOWTIDE,42,-49.18598,-67.6076716666667,,TG-6,MBON_P2P,,no,25x25cm,,AMP8
AMP80325.jpg,2023-04-18,Rocky Shore,ARGENTINA,MAKENKE,FARO CABO CURIOSO,LOWTIDE,42,-49.1858433333333,-67.6075933333333,,TG-6,MBON_P2P,,no,25x25cm,,AMP8
AMP80326.jpg,2023-04-18,Rocky Shore,ARGENTINA,MAKENKE,FARO CABO CURIOSO,LOWTIDE,42,-49.185605,-67.6073683333333,,TG-6,MBON_P2P,,no,25x25cm,,AMP8
AMP80327.jpg,2023-04-18,Rocky Shore,ARGENTINA,MAKENKE,FARO CABO CURIOSO,LOWTIDE,42,-49.1856333333333,-67.60729,,TG-6,MBON_P2P,,no,25x25cm,,AMP8
AMP80328.jpg,2023-04-18,Rocky Shore,ARGENTINA,MAKENKE,FARO CABO CURIOSO,LOWTIDE,42,-49.1856333333333,-67.6072866666667,,TG-6,MBON_P2P,,no,25x25cm,,AMP8
AMP80330.jpg,2023-04-18,Rocky Shore,ARGENTINA,MAKENKE,FARO CABO CURIOSO,LOWTIDE,42,-49.1856333333333,-67.6072416666667,,TG-6,MBON_P2P,,no,25x25cm,,AMP8
AMP80331.jpg,2023-04-18,Rocky Shore,ARGENTINA,MAKENKE,FARO CABO CURIOSO,LOWTIDE,42,-49.1856333333333,-67.6072416666667,,TG-6,MBON_P2P,,no,25x25cm,,AMP8
AMP80369.jpg,2023-04-19,Rocky Shore,ARGENTINA,MAKENKE,PENINSULA,HIGHTIDE,42,-49.2611983333333,-67.6095216666667,,TG-6,MBON_P2P,,no,25x25cm,,AMP8
AMP80370.jpg,2023-04-19,Rocky Shore,ARGENTINA,MAKENKE,PENINSULA,HIGHTIDE,42,-49.2611983333333,-67.6095216666667,,TG-6,MBON_P2P,,no,25x25cm,,AMP8
AMP80371.jpg,2023-04-19,Rocky Shore,ARGENTINA,MAKENKE,PENINSULA,HIGHTIDE,42,-49.2611216666667,-67.609535,,TG-6,MBON_P2P,,no,25x25cm,,AMP8
AMP80372.jpg,2023-04-19,Rocky Shore,ARGENTINA,MAKENKE,PENINSULA,HIGHTIDE,42,-49.2611216666667,-67.609535,,TG-6,MBON_P2P,,no,25x25cm,,AMP8
AMP80373.jpg,2023-04-19,Rocky Shore,ARGENTINA,MAKENKE,PENINSULA,HIGHTIDE,42,-49.261095,-67.6095616666667,,TG-6,MBON_P2P,,no,25x25cm,,AMP8
AMP80374.jpg,2023-04-19,Rocky Shore,ARGENTINA,MAKENKE,PENINSULA,HIGHTIDE,42,-49.2610883333333,-67.6095566666667,,TG-6,MBON_P2P,,no,25x25cm,,AMP8
AMP80375.jpg,2023-04-19,Rocky Shore,ARGENTINA,MAKENKE,PENINSULA,HIGHTIDE,42,-49.2610683333333,-67.6095066666667,,TG-6,MBON_P2P,,no,25x25cm,,AMP8
AMP80376.jpg,2023-04-19,Rocky Shore,ARGENTINA,MAKENKE,PENINSULA,HIGHTIDE,42,-49.2610016666667,-67.609505,,TG-6,MBON_P2P,,no,25x25cm,,AMP8
AMP80377.jpg,2023-04-19,Rocky Shore,ARGENTINA,MAKENKE,PENINSULA,HIGHTIDE,42,-49.2609266666667,-67.6095083333333,,TG-6,MBON_P2P,,no,25x25cm,,AMP8
AMP80378.jpg,2023-04-19,Rocky Shore,ARGENTINA,MAKENKE,PENINSULA,HIGHTIDE,42,-49.2608133333333,-67.6095183333333,,TG-6,MBON_P2P,,no,25x25cm,,AMP8
AMP80379.jpg,2023-04-19,Rocky Shore,ARGENTINA,MAKENKE,PENINSULA,HIGHTIDE,42,-49.2606866666667,-67.6095733333333,,TG-6,MBON_P2P,,no,25x25cm,,AMP8
AMP80380.jpg,2023-04-19,Rocky Shore,ARGENTINA,MAKENKE,PENINSULA,HIGHTIDE,42,-49.2606333333333,-67.6095833333333,,TG-6,MBON_P2P,,no,25x25cm,,AMP8
AMP80381.jpg,2023-04-19,Rocky Shore,ARGENTINA,MAKENKE,PENINSULA,HIGHTIDE,42,-49.2606216666667,-67.6095716666667,,TG-6,MBON_P2P,,no,25x25cm,,AMP8
AMP80382.jpg,2023-04-19,Rocky Shore,ARGENTINA,MAKENKE,PENINSULA,HIGHTIDE,42,-49.2606066666667,-67.6095883333333,,TG-6,MBON_P2P,,no,25x25cm,,AMP8
AMP80383.jpg,2023-04-19,Rocky Shore,ARGENTINA,MAKENKE,PENINSULA,HIGHTIDE,42,-49.2605933333333,-67.6095933333333,,TG-6,MBON_P2P,,no,25x25cm,,AMP8
AMP80384.jpg,2023-04-19,Rocky Shore,ARGENTINA,MAKENKE,PENINSULA,HIGHTIDE,42,-49.2605883333333,-67.6095833333333,,TG-6,MBON_P2P,,no,25x25cm,,AMP8
AMP80385.jpg,2023-04-19,Rocky Shore,ARGENTINA,MAKENKE,PENINSULA,HIGHTIDE,42,-49.2603733333333,-67.6095866666667,,TG-6,MBON_P2P,,no,25x25cm,,AMP8
AMP80386.jpg,2023-04-19,Rocky Shore,ARGENTINA,MAKENKE,PENINSULA,HIGHTIDE,42,-49.26035,-67.6096083333333,,TG-6,MBON_P2P,,no,25x25cm,,AMP8
AMP80387.jpg,2023-04-19,Rocky Shore,ARGENTINA,MAKENKE,PENINSULA,HIGHTIDE,42,-49.2601716666667,-67.609625,,TG-6,MBON_P2P,,no,25x25cm,,AMP8
AMP80388.jpg,2023-04-19,Rocky Shore,ARGENTINA,MAKENKE,PENINSULA,HIGHTIDE,42,-49.26016,-67.60963,,TG-6,MBON_P2P,,no,25x25cm,,AMP8
AMP80389.jpg,2023-04-19,Rocky Shore,ARGENTINA,MAKENKE,PENINSULA,HIGHTIDE,42,-49.260155,-67.6096316666667,,TG-6,MBON_P2P,,no,25x25cm,,AMP8
AMP80390.jpg,2023-04-19,Rocky Shore,ARGENTINA,MAKENKE,PENINSULA,HIGHTIDE,42,-49.2601416666667,-67.6096316666667,,TG-6,MBON_P2P,,no,25x25cm,,AMP8
AMP80391.jpg,2023-04-19,Rocky Shore,ARGENTINA,MAKENKE,PENINSULA,HIGHTIDE,42,-49.2601233333333,-67.6096516666667,,TG-6,MBON_P2P,,no,25x25cm,,AMP8
AMP80392.jpg,2023-04-19,Rocky Shore,ARGENTINA,MAKENKE,PENINSULA,HIGHTIDE,42,-49.2600766666667,-67.609715,,TG-6,MBON_P2P,,no,25x25cm,,AMP8
AMP80393.jpg,2023-04-19,Rocky Shore,ARGENTINA,MAKENKE,PENINSULA,HIGHTIDE,42,-49.2599083333333,-67.6097,,TG-6,MBON_P2P,,no,25x25cm,,AMP8
AMP80394.jpg,2023-04-19,Rocky Shore,ARGENTINA,MAKENKE,PENINSULA,HIGHTIDE,42,-49.259855,-67.609705,,TG-6,MBON_P2P,,no,25x25cm,,AMP8
AMP80395.jpg,2023-04-19,Rocky Shore,ARGENTINA,MAKENKE,PENINSULA,HIGHTIDE,42,-49.2598333333333,-67.6097,,TG-6,MBON_P2P,,no,25x25cm,,AMP8
AMP80396.jpg,2023-04-19,Rocky Shore,ARGENTINA,MAKENKE,PENINSULA,HIGHTIDE,42,-49.259795,-67.6096616666667,,TG-6,MBON_P2P,,no,25x25cm,,AMP8
AMP80397.jpg,2023-04-19,Rocky Shore,ARGENTINA,MAKENKE,PENINSULA,HIGHTIDE,42,-49.25977,-67.6097,,TG-6,MBON_P2P,,no,25x25cm,,AMP8
AMP80399.jpg,2023-04-19,Rocky Shore,ARGENTINA,MAKENKE,PENINSULA,HIGHTIDE,42,-49.2597583333333,-67.6096966666667,,TG-6,MBON_P2P,,no,25x25cm,,AMP8
AMP80400.jpg,2023-04-19,Rocky Shore,ARGENTINA,MAKENKE,PENINSULA,HIGHTIDE,42,-49.2597283333333,-67.60972,,TG-6,MBON_P2P,,no,25x25cm,,AMP8
AMP80401.jpg,2023-04-19,Rocky Shore,ARGENTINA,MAKENKE,PENINSULA,HIGHTIDE,42,-49.2596366666667,-67.6098133333333,,TG-6,MBON_P2P,,no,25x25cm,,AMP8
AMP80402.jpg,2023-04-19,Rocky Shore,ARGENTINA,MAKENKE,PENINSULA,HIGHTIDE,42,-49.2596266666667,-67.6098083333333,,TG-6,MBON_P2P,,no,25x25cm,,AMP8
AMP80403.jpg,2023-04-19,Rocky Shore,ARGENTINA,MAKENKE,PENINSULA,HIGHTIDE,42,-49.25962,-67.609795,,TG-6,MBON_P2P,,no,25x25cm,,AMP8
AMP80404.jpg,2023-04-19,Rocky Shore,ARGENTINA,MAKENKE,PENINSULA,HIGHTIDE,42,-49.2596183333333,-67.6097933333333,,TG-6,MBON_P2P,,no,25x25cm,,AMP8
AMP80405.jpg,2023-04-19,Rocky Shore,ARGENTINA,MAKENKE,PENINSULA,HIGHTIDE,42,-49.2596183333333,-67.6097933333333,,TG-6,MBON_P2P,,no,25x25cm,,AMP8
AMP80406.jpg,2023-04-19,Rocky Shore,ARGENTINA,MAKENKE,PENINSULA,HIGHTIDE,42,-49.259625,-67.6097716666667,,TG-6,MBON_P2P,,no,25x25cm,,AMP8
AMP80407.jpg,2023-04-19,Rocky Shore,ARGENTINA,MAKENKE,PENINSULA,HIGHTIDE,42,-49.2596233333333,-67.60977,,TG-6,MBON_P2P,,no,25x25cm,,AMP8
AMP80408.jpg,2023-04-19,Rocky Shore,ARGENTINA,MAKENKE,PENINSULA,HIGHTIDE,42,-49.2596216666667,-67.60977,,TG-6,MBON_P2P,,no,25x25cm,,AMP8
AMP80410.jpg,2023-04-19,Rocky Shore,ARGENTINA,MAKENKE,PENINSULA,HIGHTIDE,42,-49.2596266666667,-67.609755,,TG-6,MBON_P2P,,no,25x25cm,,AMP8
AMP80411.jpg,2023-04-19,Rocky Shore,ARGENTINA,MAKENKE,PENINSULA,HIGHTIDE,42,-49.2596266666667,-67.6097516666667,,TG-6,MBON_P2P,,no,25x25cm,,AMP8
AMP80412.jpg,2023-04-19,Rocky Shore,ARGENTINA,MAKENKE,PENINSULA,HIGHTIDE,42,-49.2596266666667,-67.6097483333333,,TG-6,MBON_P2P,,no,25x25cm,,AMP8
AMP80413.jpg,2023-04-19,Rocky Shore,ARGENTINA,MAKENKE,PENINSULA,HIGHTIDE,42,-49.2596366666667,-67.6096916666667,,TG-6,MBON_P2P,,no,25x25cm,,AMP8
AMP80414.jpg,2023-04-19,Rocky Shore,ARGENTINA,MAKENKE,PENINSULA,HIGHTIDE,42,-49.259635,-67.6096866666667,,TG-6,MBON_P2P,,no,25x25cm,,AMP8
AMP80415.jpg,2023-04-19,Rocky Shore,ARGENTINA,MAKENKE,PENINSULA,HIGHTIDE,42,-49.259655,-67.6096616666667,,TG-6,MBON_P2P,,no,25x25cm,,AMP8
AMP80416.jpg,2023-04-19,Rocky Shore,ARGENTINA,MAKENKE,PENINSULA,HIGHTIDE,42,-49.2596533333333,-67.60964,,TG-6,MBON_P2P,,no,25x25cm,,AMP8
AMP80417.jpg,2023-04-19,Rocky Shore,ARGENTINA,MAKENKE,PENINSULA,HIGHTIDE,42,-49.2596933333333,-67.6096066666667,,TG-6,MBON_P2P,,no,25x25cm,,AMP8
AMP80418.jpg,2023-04-19,Rocky Shore,ARGENTINA,MAKENKE,PENINSULA,HIGHTIDE,42,-49.25971,-67.6095883333333,,TG-6,MBON_P2P,,no,25x25cm,,AMP8
AMP80419.jpg,2023-04-19,Rocky Shore,ARGENTINA,MAKENKE,PENINSULA,HIGHTIDE,42,-49.2597366666667,-67.6094966666667,,TG-6,MBON_P2P,,no,25x25cm,,AMP8
AMP80420.jpg,2023-04-19,Rocky Shore,ARGENTINA,MAKENKE,PENINSULA,HIGHTIDE,42,-49.2597383333333,-67.6094883333333,,TG-6,MBON_P2P,,no,25x25cm,,AMP8
AMP80421.jpg,2023-04-19,Rocky Shore,ARGENTINA,MAKENKE,PENINSULA,HIGHTIDE,42,-49.259735,-67.6095083333333,,TG-6,MBON_P2P,,no,25x25cm,,AMP8
AMP80422.jpg,2023-04-19,Rocky Shore,ARGENTINA,MAKENKE,PENINSULA,HIGHTIDE,42,-49.2597133333333,-67.6094933333333,,TG-6,MBON_P2P,,no,25x25cm,,AMP8
AMP80425.jpg,2023-04-19,Rocky Shore,ARGENTINA,MAKENKE,PENINSULA,MIDTIDE,42,-49.259075,-67.6075166666667,,TG-6,MBON_P2P,,no,25x25cm,,AMP8
AMP80426.jpg,2023-04-19,Rocky Shore,ARGENTINA,MAKENKE,PENINSULA,MIDTIDE,42,-49.2590666666667,-67.6074833333333,,TG-6,MBON_P2P,,no,25x25cm,,AMP8
AMP80427.jpg,2023-04-19,Rocky Shore,ARGENTINA,MAKENKE,PENINSULA,MIDTIDE,42,-49.25906,-67.6074816666667,,TG-6,MBON_P2P,,no,25x25cm,,AMP8
AMP80428.jpg,2023-04-19,Rocky Shore,ARGENTINA,MAKENKE,PENINSULA,MIDTIDE,42,-49.25905,-67.6074883333333,,TG-6,MBON_P2P,,no,25x25cm,,AMP8
AMP80429.jpg,2023-04-19,Rocky Shore,ARGENTINA,MAKENKE,PENINSULA,MIDTIDE,42,-49.2590133333333,-67.6073816666667,,TG-6,MBON_P2P,,no,25x25cm,,AMP8
AMP80430.jpg,2023-04-19,Rocky Shore,ARGENTINA,MAKENKE,PENINSULA,MIDTIDE,42,-49.2590116666667,-67.6073783333333,,TG-6,MBON_P2P,,no,25x25cm,,AMP8
AMP80431.jpg,2023-04-19,Rocky Shore,ARGENTINA,MAKENKE,PENINSULA,MIDTIDE,42,-49.25901,-67.6073333333333,,TG-6,MBON_P2P,,no,25x25cm,,AMP8
AMP80432.jpg,2023-04-19,Rocky Shore,ARGENTINA,MAKENKE,PENINSULA,MIDTIDE,42,-49.2590016666667,-67.6072766666667,,TG-6,MBON_P2P,,no,25x25cm,,AMP8
AMP80433.jpg,2023-04-19,Rocky Shore,ARGENTINA,MAKENKE,PENINSULA,MIDTIDE,42,-49.2590016666667,-67.6072766666667,,TG-6,MBON_P2P,,no,25x25cm,,AMP8
AMP80434.jpg,2023-04-19,Rocky Shore,ARGENTINA,MAKENKE,PENINSULA,MIDTIDE,42,-49.259,-67.6072733333333,,TG-6,MBON_P2P,,no,25x25cm,,AMP8
AMP80435.jpg,2023-04-19,Rocky Shore,ARGENTINA,MAKENKE,PENINSULA,MIDTIDE,42,-49.2590016666667,-67.6072716666667,,TG-6,MBON_P2P,,no,25x25cm,,AMP8
AMP80436.jpg,2023-04-19,Rocky Shore,ARGENTINA,MAKENKE,PENINSULA,MIDTIDE,42,-49.2590083333333,-67.6072516666667,,TG-6,MBON_P2P,,no,25x25cm,,AMP8
AMP80437.jpg,2023-04-19,Rocky Shore,ARGENTINA,MAKENKE,PENINSULA,MIDTIDE,42,-49.2590033333333,-67.60723,,TG-6,MBON_P2P,,no,25x25cm,,AMP8
AMP80438.jpg,2023-04-19,Rocky Shore,ARGENTINA,MAKENKE,PENINSULA,MIDTIDE,42,-49.258995,-67.6071983333333,,TG-6,MBON_P2P,,no,25x25cm,,AMP8
AMP80439.jpg,2023-04-19,Rocky Shore,ARGENTINA,MAKENKE,PENINSULA,MIDTIDE,42,-49.2589833333333,-67.6070633333333,,TG-6,MBON_P2P,,no,25x25cm,,AMP8
AMP80440.jpg,2023-04-19,Rocky Shore,ARGENTINA,MAKENKE,PENINSULA,MIDTIDE,42,-49.2589833333333,-67.607055,,TG-6,MBON_P2P,,no,25x25cm,,AMP8
AMP80441.jpg,2023-04-19,Rocky Shore,ARGENTINA,MAKENKE,PENINSULA,MIDTIDE,42,-49.2589933333333,-67.6070666666667,,TG-6,MBON_P2P,,no,25x25cm,,AMP8
AMP80442.jpg,2023-04-19,Rocky Shore,ARGENTINA,MAKENKE,PENINSULA,MIDTIDE,42,-49.2590116666667,-67.6070733333333,,TG-6,MBON_P2P,,no,25x25cm,,AMP8
AMP80443.jpg,2023-04-19,Rocky Shore,ARGENTINA,MAKENKE,PENINSULA,MIDTIDE,42,-49.2590316666667,-67.60711,,TG-6,MBON_P2P,,no,25x25cm,,AMP8
AMP80444.jpg,2023-04-19,Rocky Shore,ARGENTINA,MAKENKE,PENINSULA,MIDTIDE,42,-49.25904,-67.6071216666667,,TG-6,MBON_P2P,,no,25x25cm,,AMP8
AMP80445.jpg,2023-04-19,Rocky Shore,ARGENTINA,MAKENKE,PENINSULA,MIDTIDE,42,-49.259195,-67.6070866666667,,TG-6,MBON_P2P,,no,25x25cm,,AMP8
AMP80446.jpg,2023-04-19,Rocky Shore,ARGENTINA,MAKENKE,PENINSULA,MIDTIDE,42,-49.259215,-67.607085,,TG-6,MBON_P2P,,no,25x25cm,,AMP8
AMP80447.jpg,2023-04-19,Rocky Shore,ARGENTINA,MAKENKE,PENINSULA,MIDTIDE,42,-49.259215,-67.607085,,TG-6,MBON_P2P,,no,25x25cm,,AMP8
AMP80448.jpg,2023-04-19,Rocky Shore,ARGENTINA,MAKENKE,PENINSULA,MIDTIDE,42,-49.2592216666667,-67.6070833333333,,TG-6,MBON_P2P,,no,25x25cm,,AMP8
AMP80449.jpg,2023-04-19,Rocky Shore,ARGENTINA,MAKENKE,PENINSULA,MIDTIDE,42,-49.2592266666667,-67.607045,,TG-6,MBON_P2P,,no,25x25cm,,AMP8
AMP80450.jpg,2023-04-19,Rocky Shore,ARGENTINA,MAKENKE,PENINSULA,MIDTIDE,42,-49.259215,-67.6070116666667,,TG-6,MBON_P2P,,no,25x25cm,,AMP8
AMP80451.jpg,2023-04-19,Rocky Shore,ARGENTINA,MAKENKE,PENINSULA,MIDTIDE,42,-49.25922,-67.607005,,TG-6,MBON_P2P,,no,25x25cm,,AMP8
AMP80452.jpg,2023-04-19,Rocky Shore,ARGENTINA,MAKENKE,PENINSULA,MIDTIDE,42,-49.2595233333333,-67.6068783333333,,TG-6,MBON_P2P,,no,25x25cm,,AMP8
AMP80453.jpg,2023-04-19,Rocky Shore,ARGENTINA,MAKENKE,PENINSULA,MIDTIDE,42,-49.259525,-67.606875,,TG-6,MBON_P2P,,no,25x25cm,,AMP8
AMP80454.jpg,2023-04-19,Rocky Shore,ARGENTINA,MAKENKE,PENINSULA,MIDTIDE,42,-49.2595166666667,-67.6068833333333,,TG-6,MBON_P2P,,no,25x25cm,,AMP8
AMP80455.jpg,2023-04-19,Rocky Shore,ARGENTINA,MAKENKE,PENINSULA,MIDTIDE,42,-49.2595183333333,-67.6068883333333,,TG-6,MBON_P2P,,no,25x25cm,,AMP8
AMP80456.jpg,2023-04-19,Rocky Shore,ARGENTINA,MAKENKE,PENINSULA,MIDTIDE,42,-49.259525,-67.6068783333333,,TG-6,MBON_P2P,,no,25x25cm,,AMP8
AMP80457.jpg,2023-04-19,Rocky Shore,ARGENTINA,MAKENKE,PENINSULA,MIDTIDE,42,-49.2595333333333,-67.6068833333333,,TG-6,MBON_P2P,,no,25x25cm,,AMP8
AMP80458.jpg,2023-04-19,Rocky Shore,ARGENTINA,MAKENKE,PENINSULA,MIDTIDE,42,-49.2595516666667,-67.6068816666667,,TG-6,MBON_P2P,,no,25x25cm,,AMP8
AMP80461.jpg,2023-04-19,Rocky Shore,ARGENTINA,MAKENKE,PENINSULA,MIDTIDE,42,-49.2595516666667,-67.6068833333333,,TG-6,MBON_P2P,,no,25x25cm,,AMP8
AMP80462.jpg,2023-04-19,Rocky Shore,ARGENTINA,MAKENKE,PENINSULA,MIDTIDE,42,-49.259555,-67.6068833333333,,TG-6,MBON_P2P,,no,25x25cm,,AMP8
AMP80463.jpg,2023-04-19,Rocky Shore,ARGENTINA,MAKENKE,PENINSULA,MIDTIDE,42,-49.2595783333333,-67.6068433333333,,TG-6,MBON_P2P,,no,25x25cm,,AMP8
AMP80464.jpg,2023-04-19,Rocky Shore,ARGENTINA,MAKENKE,PENINSULA,MIDTIDE,42,-49.2595833333333,-67.6068316666667,,TG-6,MBON_P2P,,no,25x25cm,,AMP8
AMP80465.jpg,2023-04-19,Rocky Shore,ARGENTINA,MAKENKE,PENINSULA,MIDTIDE,42,-49.259585,-67.6068016666667,,TG-6,MBON_P2P,,no,25x25cm,,AMP8
AMP80466.jpg,2023-04-19,Rocky Shore,ARGENTINA,MAKENKE,PENINSULA,MIDTIDE,42,-49.259585,-67.6068,,TG-6,MBON_P2P,,no,25x25cm,,AMP8
AMP80467.jpg,2023-04-19,Rocky Shore,ARGENTINA,MAKENKE,PENINSULA,MIDTIDE,42,-49.2596516666667,-67.606515,,TG-6,MBON_P2P,,no,25x25cm,,AMP8
AMP80468.jpg,2023-04-19,Rocky Shore,ARGENTINA,MAKENKE,PENINSULA,MIDTIDE,42,-49.2596666666667,-67.6065233333333,,TG-6,MBON_P2P,,no,25x25cm,,AMP8
AMP80469.jpg,2023-04-19,Rocky Shore,ARGENTINA,MAKENKE,PENINSULA,MIDTIDE,42,-49.2596783333333,-67.6065133333333,,TG-6,MBON_P2P,,no,25x25cm,,AMP8
AMP80470.jpg,2023-04-19,Rocky Shore,ARGENTINA,MAKENKE,PENINSULA,MIDTIDE,42,-49.2596866666667,-67.6064766666667,,TG-6,MBON_P2P,,no,25x25cm,,AMP8
AMP80471.jpg,2023-04-19,Rocky Shore,ARGENTINA,MAKENKE,PENINSULA,MIDTIDE,42,-49.2596966666667,-67.6064516666667,,TG-6,MBON_P2P,,no,25x25cm,,AMP8
AMP80472.jpg,2023-04-19,Rocky Shore,ARGENTINA,MAKENKE,PENINSULA,MIDTIDE,42,-49.2597683333333,-67.6064383333333,,TG-6,MBON_P2P,,no,25x25cm,,AMP8
AMP80473.jpg,2023-04-19,Rocky Shore,ARGENTINA,MAKENKE,PENINSULA,MIDTIDE,42,-49.2597616666667,-67.606415,,TG-6,MBON_P2P,,no,25x25cm,,AMP8
AMP80474.jpg,2023-04-19,Rocky Shore,ARGENTINA,MAKENKE,PENINSULA,MIDTIDE,42,-49.2597633333333,-67.6064133333333,,TG-6,MBON_P2P,,no,25x25cm,,AMP8
AMP80475.jpg,2023-04-19,Rocky Shore,ARGENTINA,MAKENKE,PENINSULA,MIDTIDE,42,-49.259775,-67.60642,,TG-6,MBON_P2P,,no,25x25cm,,AMP8
AMP80477.jpg,2023-04-19,Rocky Shore,ARGENTINA,MAKENKE,PENINSULA,LOWTIDE,42,-49.25938,-67.6064233333333,,TG-6,MBON_P2P,,no,25x25cm,,AMP8
AMP80478.jpg,2023-04-19,Rocky Shore,ARGENTINA,MAKENKE,PENINSULA,LOWTIDE,42,-49.25937,-67.6064133333333,,TG-6,MBON_P2P,,no,25x25cm,,AMP8
AMP80479.jpg,2023-04-19,Rocky Shore,ARGENTINA,MAKENKE,PENINSULA,LOWTIDE,42,-49.259355,-67.606385,,TG-6,MBON_P2P,,no,25x25cm,,AMP8
AMP80480.jpg,2023-04-19,Rocky Shore,ARGENTINA,MAKENKE,PENINSULA,LOWTIDE,42,-49.2593633333333,-67.6063633333333,,TG-6,MBON_P2P,,no,25x25cm,,AMP8
AMP80481.jpg,2023-04-19,Rocky Shore,ARGENTINA,MAKENKE,PENINSULA,LOWTIDE,42,-49.2593666666667,-67.6063066666667,,TG-6,MBON_P2P,,no,25x25cm,,AMP8
AMP80482.jpg,2023-04-19,Rocky Shore,ARGENTINA,MAKENKE,PENINSULA,LOWTIDE,42,-49.2593916666667,-67.6062916666667,,TG-6,MBON_P2P,,no,25x25cm,,AMP8
AMP80483.jpg,2023-04-19,Rocky Shore,ARGENTINA,MAKENKE,PENINSULA,LOWTIDE,42,-49.2593916666667,-67.6062916666667,,TG-6,MBON_P2P,,no,25x25cm,,AMP8
AMP80484.jpg,2023-04-19,Rocky Shore,ARGENTINA,MAKENKE,PENINSULA,LOWTIDE,42,-49.2593866666667,-67.60625,,TG-6,MBON_P2P,,no,25x25cm,,AMP8
AMP80485.jpg,2023-04-19,Rocky Shore,ARGENTINA,MAKENKE,PENINSULA,LOWTIDE,42,-49.2593916666667,-67.6062166666667,,TG-6,MBON_P2P,,no,25x25cm,,AMP8
AMP80486.jpg,2023-04-19,Rocky Shore,ARGENTINA,MAKENKE,PENINSULA,LOWTIDE,42,-49.2593916666667,-67.60618,,TG-6,MBON_P2P,,no,25x25cm,,AMP8
AMP80487.jpg,2023-04-19,Rocky Shore,ARGENTINA,MAKENKE,PENINSULA,LOWTIDE,42,-49.2593916666667,-67.6061566666667,,TG-6,MBON_P2P,,no,25x25cm,,AMP8
AMP80491.jpg,2023-04-19,Rocky Shore,ARGENTINA,MAKENKE,PENINSULA,LOWTIDE,42,-49.2593966666667,-67.6059033333333,,TG-6,MBON_P2P,,no,25x25cm,,AMP8
AMP80492.jpg,2023-04-19,Rocky Shore,ARGENTINA,MAKENKE,PENINSULA,LOWTIDE,42,-49.2593816666667,-67.6058833333333,,TG-6,MBON_P2P,,no,25x25cm,,AMP8
AMP80494.jpg,2023-04-19,Rocky Shore,ARGENTINA,MAKENKE,PENINSULA,LOWTIDE,42,-49.259235,-67.60587,,TG-6,MBON_P2P,,no,25x25cm,,AMP8
AMP80495.jpg,2023-04-19,Rocky Shore,ARGENTINA,MAKENKE,PENINSULA,LOWTIDE,42,-49.25923,-67.6059416666667,,TG-6,MBON_P2P,,no,25x25cm,,AMP8
AMP80497.jpg,2023-04-19,Rocky Shore,ARGENTINA,MAKENKE,PENINSULA,LOWTIDE,42,-49.2591366666667,-67.6060516666667,,TG-6,MBON_P2P,,no,25x25cm,,AMP8
AMP80498.jpg,2023-04-19,Rocky Shore,ARGENTINA,MAKENKE,PENINSULA,LOWTIDE,42,-49.2591083333333,-67.6060733333333,,TG-6,MBON_P2P,,no,25x25cm,,AMP8
AMP80499.jpg,2023-04-19,Rocky Shore,ARGENTINA,MAKENKE,PENINSULA,LOWTIDE,42,-49.258965,-67.606335,,TG-6,MBON_P2P,,no,25x25cm,,AMP8
AMP80500.jpg,2023-04-19,Rocky Shore,ARGENTINA,MAKENKE,PENINSULA,LOWTIDE,42,-49.2588933333333,-67.6065066666667,,TG-6,MBON_P2P,,no,25x25cm,,AMP8
AMP80501.jpg,2023-04-19,Rocky Shore,ARGENTINA,MAKENKE,PENINSULA,LOWTIDE,42,-49.2589083333333,-67.6064883333333,,TG-6,MBON_P2P,,no,25x25cm,,AMP8
AMP80502.jpg,2023-04-19,Rocky Shore,ARGENTINA,MAKENKE,PENINSULA,LOWTIDE,42,-49.258765,-67.6068616666667,,TG-6,MBON_P2P,,no,25x25cm,,AMP8
AMP80504.jpg,2023-04-19,Rocky Shore,ARGENTINA,MAKENKE,PENINSULA,LOWTIDE,42,-49.2583666666667,-67.6066266666667,,TG-6,MBON_P2P,,no,25x25cm,,AMP8
AMP80505.jpg,2023-04-19,Rocky Shore,ARGENTINA,MAKENKE,PENINSULA,LOWTIDE,42,-49.258365,-67.606615,,TG-6,MBON_P2P,,no,25x25cm,,AMP8
AMP80506.jpg,2023-04-19,Rocky Shore,ARGENTINA,MAKENKE,PENINSULA,LOWTIDE,42,-49.2583616666667,-67.6066133333333,,TG-6,MBON_P2P,,no,25x25cm,,AMP8
AMP80507.jpg,2023-04-19,Rocky Shore,ARGENTINA,MAKENKE,PENINSULA,LOWTIDE,42,-49.2583516666667,-67.606605,,TG-6,MBON_P2P,,no,25x25cm,,AMP8
AMP80508.jpg,2023-04-19,Rocky Shore,ARGENTINA,MAKENKE,PENINSULA,LOWTIDE,42,-49.2583416666667,-67.6066166666667,,TG-6,MBON_P2P,,no,25x25cm,,AMP8
AMP80509.jpg,2023-04-19,Rocky Shore,ARGENTINA,MAKENKE,PENINSULA,LOWTIDE,42,-49.2583416666667,-67.6066166666667,,TG-6,MBON_P2P,,no,25x25cm,,AMP8
AMP80510.jpg,2023-04-19,Rocky Shore,ARGENTINA,MAKENKE,PENINSULA,LOWTIDE,42,-49.258305,-67.6065783333333,,TG-6,MBON_P2P,,no,25x25cm,,AMP8
AMP80511.jpg,2023-04-19,Rocky Shore,ARGENTINA,MAKENKE,PENINSULA,LOWTIDE,42,-49.2582616666667,-67.6065633333333,,TG-6,MBON_P2P,,no,25x25cm,,AMP8
AMP80512.jpg,2023-04-19,Rocky Shore,ARGENTINA,MAKENKE,PENINSULA,LOWTIDE,42,-49.2582616666667,-67.6065633333333,,TG-6,MBON_P2P,,no,25x25cm,,AMP8
AMP80513.jpg,2023-04-19,Rocky Shore,ARGENTINA,MAKENKE,PENINSULA,LOWTIDE,42,-49.2582266666667,-67.606545,,TG-6,MBON_P2P,,no,25x25cm,,AMP8
AMP80514.jpg,2023-04-19,Rocky Shore,ARGENTINA,MAKENKE,PENINSULA,LOWTIDE,42,-49.258215,-67.60655,,TG-6,MBON_P2P,,no,25x25cm,,AMP8
AMP80515.jpg,2023-04-19,Rocky Shore,ARGENTINA,MAKENKE,PENINSULA,LOWTIDE,42,-49.2582066666667,-67.6065683333333,,TG-6,MBON_P2P,,no,25x25cm,,AMP8
AMP80516.jpg,2023-04-19,Rocky Shore,ARGENTINA,MAKENKE,PENINSULA,LOWTIDE,42,-49.2582116666667,-67.6065883333333,,TG-6,MBON_P2P,,no,25x25cm,,AMP8
AMP80517.jpg,2023-04-19,Rocky Shore,ARGENTINA,MAKENKE,PENINSULA,LOWTIDE,42,-49.2582116666667,-67.60659,,TG-6,MBON_P2P,,no,25x25cm,,AMP8
AMP80520.jpg,2023-04-19,Rocky Shore,ARGENTINA,MAKENKE,PENINSULA,LOWTIDE,42,-49.2581816666667,-67.6065633333333,,TG-6,MBON_P2P,,no,25x25cm,,AMP8
AMP80521.jpg,2023-04-19,Rocky Shore,ARGENTINA,MAKENKE,PENINSULA,LOWTIDE,42,-49.2581683333333,-67.6065733333333,,TG-6,MBON_P2P,,no,25x25cm,,AMP8
AMP80522.jpg,2023-04-19,Rocky Shore,ARGENTINA,MAKENKE,PENINSULA,LOWTIDE,42,-49.25814,-67.6065866666667,,TG-6,MBON_P2P,,no,25x25cm,,AMP8
AMP80523.jpg,2023-04-19,Rocky Shore,ARGENTINA,MAKENKE,PENINSULA,LOWTIDE,42,-49.25814,-67.6065866666667,,TG-6,MBON_P2P,,no,25x25cm,,AMP8
AMP80524.jpg,2023-04-19,Rocky Shore,ARGENTINA,MAKENKE,PENINSULA,LOWTIDE,42,-49.2581083333333,-67.6065916666667,,TG-6,MBON_P2P,,no,25x25cm,,AMP8
AMP80525.jpg,2023-04-19,Rocky Shore,ARGENTINA,MAKENKE,PENINSULA,LOWTIDE,42,-49.2581083333333,-67.6065916666667,,TG-6,MBON_P2P,,no,25x25cm,,AMP8
AMP80526.jpg,2023-04-19,Rocky Shore,ARGENTINA,MAKENKE,PENINSULA,LOWTIDE,42,-49.2580933333333,-67.6066,,TG-6,MBON_P2P,,no,25x25cm,,AMP8
AMP80527.jpg,2023-04-19,Rocky Shore,ARGENTINA,MAKENKE,PENINSULA,LOWTIDE,42,-49.2580916666667,-67.6066,,TG-6,MBON_P2P,,no,25x25cm,,AMP8
AMP80528.jpg,2023-04-19,Rocky Shore,ARGENTINA,MAKENKE,PENINSULA,LOWTIDE,42,-49.2580916666667,-67.6066,,TG-6,MBON_P2P,,no,25x25cm,,AMP8
AMP80529.jpg,2023-04-19,Rocky Shore,ARGENTINA,MAKENKE,PENINSULA,LOWTIDE,42,-49.2580916666667,-67.6066,,TG-6,MBON_P2P,,no,25x25cm,,AMP8
AMP80530.jpg,2023-04-19,Rocky Shore,ARGENTINA,MAKENKE,PENINSULA,LOWTIDE,42,-49.2580916666667,-67.6066,,TG-6,MBON_P2P,,no,25x25cm,,AMP8
AMP80531.jpg,2023-04-19,Rocky Shore,ARGENTINA,MAKENKE,PENINSULA,LOWTIDE,42,-49.2580783333333,-67.6065883333333,,TG-6,MBON_P2P,,no,25x25cm,,AMP8
AMP80532.jpg,2023-04-19,Rocky Shore,ARGENTINA,MAKENKE,PENINSULA,LOWTIDE,42,-49.2580783333333,-67.6065883333333,,TG-6,MBON_P2P,,no,25x25cm,,AMP8
AMP80533.jpg,2023-04-19,Rocky Shore,ARGENTINA,MAKENKE,PENINSULA,LOWTIDE,42,-49.2580783333333,-67.6065883333333,,TG-6,MBON_P2P,,no,25x25cm,,AMP8
AMP80534.jpg,2023-04-19,Rocky Shore,ARGENTINA,MAKENKE,PENINSULA,LOWTIDE,42,-49.2580916666667,-67.606595,,TG-6,MBON_P2P,,no,25x25cm,,AMP8
AMP80536.jpg,2023-04-19,Rocky Shore,ARGENTINA,MAKENKE,PENINSULA,LOWTIDE,42,-49.2580633333333,-67.6065983333333,,TG-6,MBON_P2P,,no,25x25cm,,AMP8
AMP80537.jpg,2023-04-19,Rocky Shore,ARGENTINA,MAKENKE,PENINSULA,LOWTIDE,42,-49.2580633333333,-67.6065983333333,,TG-6,MBON_P2P,,no,25x25cm,,AMP8
AMP80538.jpg,2023-04-19,Rocky Shore,ARGENTINA,MAKENKE,PENINSULA,LOWTIDE,42,-49.2580366666667,-67.6065833333333,,TG-6,MBON_P2P,,no,25x25cm,,AMP8
AMP80539.jpg,2023-04-19,Rocky Shore,ARGENTINA,MAKENKE,PENINSULA,LOWTIDE,42,-49.2580366666667,-67.6065833333333,,TG-6,MBON_P2P,,no,25x25cm,,AMP8
AMP80540.jpg,2023-04-19,Rocky Shore,ARGENTINA,MAKENKE,PENINSULA,LOWTIDE,42,-49.258005,-67.6065816666667,,TG-6,MBON_P2P,,no,25x25cm,,AMP8
AMP80543.jpg,2023-04-19,Rocky Shore,ARGENTINA,MAKENKE,PENINSULA,LOWTIDE,42,-49.2579783333333,-67.6065716666667,,TG-6,MBON_P2P,,no,25x25cm,,AMP8
AMP80544.jpg,2023-04-19,Rocky Shore,ARGENTINA,MAKENKE,PENINSULA,LOWTIDE,42,-49.25798,-67.606585,,TG-6,MBON_P2P,,no,25x25cm,,AMP8
